image_name,noise_type,noise_level,denoise_method,clean_betti_0,clean_betti_1,noisy_betti_0,noisy_betti_1,denoised_betti_0,denoised_betti_1,noise_impact_betti_0,noise_impact_betti_1,noise_impact_total,recovery_betti_0,recovery_betti_1,recovery_total,relative_noise_impact,relative_recovery,timestamp,wasserstein_clean_noisy_H0,wasserstein_clean_denoised_H0,wasserstein_noisy_denoised_H0,wasserstein_clean_noisy_H1,wasserstein_clean_denoised_H1,wasserstein_noisy_denoised_H1
Fluoroscent_Red_313,gaussian,0.01,median_filter,19893,935,58641,25257,15578,1155,38748,24322,63070,4315,220,4095,3.0281352026118684,0.935072142064373,2025-10-28T04:34:19.527034,1358.3452945400281,187.3357167551774,1547.6180650732906,394.44540234746773,3.688009886180653,388.64157852471413
Fluoroscent_Red_313,gaussian,0.01,bilateral_filter,19893,935,59030,25420,13910,781,39137,24485,63622,5983,154,6137,3.054637987324755,0.903539656093804,2025-10-28T04:34:59.902647,1370.2920605125114,263.4612860480416,1647.564762841016,396.88472703880797,2.6042047280562053,400.96555646574154
Fluoroscent_Red_313,gaussian,0.01,non_local_means,19893,935,58241,25443,8547,513,38348,24508,62856,11346,422,11768,3.0178605723065104,0.8127784141529846,2025-10-28T04:35:51.987510,1345.4266981152007,520.2346267817039,1908.718222503588,397.3482355859293,7.315129486818931,416.31162013157245
Fluoroscent_Red_313,gaussian,0.01,topological_denoising,19893,935,58938,25328,12445,713,39045,24393,63438,7448,222,7670,3.0458037257537933,0.8790945490084807,2025-10-28T04:36:43.045373,1367.2560844795964,331.2666443014948,1718.4814805461979,395.72866445857886,3.797496959264042,405.90766434513785
Fluoroscent_Red_313,gaussian,0.01,morphological_denoising,19893,935,58770,25481,12918,438,38877,24546,63423,6975,497,7472,3.045083541386595,0.8821878498336566,2025-10-28T04:37:27.001243,1362.3824401040988,300.4456307604603,1631.329828026106,398.09803196397246,8.419059429631924,408.55655716918596
Fluoroscent_Red_313,gaussian,0.03,median_filter,19893,935,85219,9461,22233,8457,65326,8526,73852,2340,7522,9862,3.5458037257537933,0.8664626550398093,2025-10-28T04:38:14.161150,2926.4349456120913,93.54294729744251,2658.9988598385867,222.9162215812945,115.28092442213612,24.786169707588073
Fluoroscent_Red_313,gaussian,0.03,bilateral_filter,19893,935,85151,9299,15153,903,65258,8364,73622,4740,32,4772,3.5347608987900907,0.935182418298878,2025-10-28T04:39:00.122637,2924.7301587831494,204.4820721405498,3179.0331111448168,219.14594085277145,0.5236222124473326,216.14211862735272
Fluoroscent_Red_313,gaussian,0.03,non_local_means,19893,935,85377,9307,8533,346,65484,8372,73856,11360,589,11949,3.545995774918379,0.8382121967071057,2025-10-28T04:39:53.063325,2936.123214652226,518.0722797247047,3681.8679363803344,219.12080795847487,10.305576202166922,240.3117447757639
Fluoroscent_Red_313,gaussian,0.03,topological_denoising,19893,935,85310,9273,16427,2312,65417,8338,73755,3466,1377,2089,3.5411465335125794,0.9716764965087112,2025-10-28T04:40:46.963159,2932.1072391876955,147.94462156923265,3096.8659666241765,218.47738663650017,22.024186849151864,176.62666579552663
Fluoroscent_Red_313,gaussian,0.03,morphological_denoising,19893,935,85198,9374,16715,166,65305,8439,73744,3178,769,3947,3.5406183983099675,0.9464770015187677,2025-10-28T04:41:31.014446,2926.3109493889774,126.01782754291854,2868.2207116986233,220.84434464309305,12.21056407939348,231.81354585205204
Fluoroscent_Red_313,gaussian,0.05,median_filter,19893,935,99393,6036,42010,25295,79500,5101,84601,22117,24360,46477,4.061887843287882,0.4506329712414747,2025-10-28T04:42:15.081924,4319.4421775232695,787.6884760259097,2721.868777076516,171.34649632946648,380.4542508765638,623.5605305365427
Fluoroscent_Red_313,gaussian,0.05,bilateral_filter,19893,935,99742,6215,17914,2496,79849,5280,85129,1979,1561,418,4.087238333013252,0.995089804884352,2025-10-28T04:43:00.681123,4338.649955361204,81.79961198586959,4343.087719583089,177.3472187114159,24.027646815102237,119.61480931174133
Fluoroscent_Red_313,gaussian,0.05,non_local_means,19893,935,99567,6295,8379,290,79674,5360,85034,11514,645,12159,4.082677165354331,0.8570101371216219,2025-10-28T04:43:53.437094,4324.552461736418,521.8818240456262,5204.5237366487345,180.33336979009655,11.36008698509454,206.6163983312922
Fluoroscent_Red_313,gaussian,0.05,topological_denoising,19893,935,99667,6021,38313,17785,79774,5086,84860,18420,16850,35270,4.074323026694834,0.5843742634928117,2025-10-28T04:44:47.310892,4333.788238998582,668.0316238889537,2949.761459618212,170.95589810450085,261.6114923112769,380.08608123655375
Fluoroscent_Red_313,gaussian,0.05,morphological_denoising,19893,935,99605,6187,17904,30,79712,5252,84964,1989,905,2894,4.079316304974073,0.9659385151358222,2025-10-28T04:45:30.244090,4329.575330392401,74.81641207916697,4027.1470514792722,176.3633568464374,14.608634793861983,202.28831495873658
Fluoroscent_Red_313,gaussian,0.08,median_filter,19893,935,116686,4147,76508,46641,96793,3212,100005,56615,45706,102321,4.801469176109084,-0.0231588420578972,2025-10-28T04:46:17.192655,6377.875438223165,1954.0023560911004,2326.2369461336375,134.4098642576297,745.7079698228127,1755.180847811428
Fluoroscent_Red_313,gaussian,0.08,bilateral_filter,19893,935,116357,4253,34873,11835,96464,3318,99782,14980,10900,25880,4.790762435183407,0.7406345833917941,2025-10-28T04:47:04.790601,6359.9317949163415,537.2113244734119,4829.908541474198,138.9462321059979,166.20945268960256,305.39522627681254
Fluoroscent_Red_313,gaussian,0.08,non_local_means,19893,935,116892,4095,8428,291,96999,3160,100159,11465,644,12109,4.80886306894565,0.8791022274583412,2025-10-28T04:47:59.654060,6397.252252968884,505.4991889032706,7322.615845915278,132.55041092054668,10.859233091330868,159.55931599733356
Fluoroscent_Red_313,gaussian,0.08,topological_denoising,19893,935,116752,4244,64197,36039,96859,3309,100168,44304,35104,79408,4.809295179565969,0.20725181694752814,2025-10-28T04:48:52.946300,6378.331587286121,1561.2028048239313,3078.6922218399964,139.087965551273,567.1762108763127,1313.9765066524308
Fluoroscent_Red_313,gaussian,0.08,morphological_denoising,19893,935,116958,4295,15594,0,97065,3360,100425,4299,935,5234,4.821634338390628,0.947881503609659,2025-10-28T04:49:38.786864,6394.645492405815,154.6329500481042,6007.7051228055625,141.14041282117532,15.727450042963028,288.2058652639389
Fluoroscent_Red_313,gaussian,0.1,median_filter,19893,935,153440,10181,82505,43337,133547,9246,142793,62612,42402,105014,6.8558190896869595,0.264571792734938,2025-10-28T04:50:26.285218,9271.390197569268,2264.644108683019,4474.869022337245,396.0671806185822,744.296242130538,1444.1030324995734
Fluoroscent_Red_313,gaussian,0.1,bilateral_filter,19893,935,153078,10099,69980,21851,133185,9164,142349,50087,20916,71003,6.834501632417899,0.5012047854217452,2025-10-28T04:51:12.996217,9240.498927027298,1667.8282449041235,4999.8800033778225,392.1355737496983,327.09380691042855,488.9387779967849
Fluoroscent_Red_313,gaussian,0.1,non_local_means,19893,935,153387,10266,8397,318,133494,9331,142825,11496,617,12113,6.857355483003649,0.9151899177314896,2025-10-28T04:52:10.251269,9253.873927856213,499.6408868707183,10185.706060513028,399.37617123442135,10.306975215641272,424.2067146581138
Fluoroscent_Red_313,gaussian,0.1,topological_denoising,19893,935,153043,10209,77664,46309,133150,9274,142424,57771,45374,103145,6.838102554253889,0.2757891928326687,2025-10-28T04:53:07.098377,9236.407889249938,2065.509476363548,4719.624084769502,396.94719051873795,752.4476506517004,1536.0386689433133
Fluoroscent_Red_313,gaussian,0.1,morphological_denoising,19893,935,152989,9977,11706,0,133096,9042,142138,8187,935,9122,6.824371038985981,0.9358229326429245,2025-10-28T04:53:51.637312,9225.16817365467,283.3762557601799,8671.464133237898,387.7469687133565,15.727450042963028,687.5176062881947
Fluoroscent_Red_313,salt_pepper,0.01,median_filter,19893,935,37580,5770,15020,848,17687,4835,22522,4873,87,4960,1.0813328212022277,0.7797708906846639,2025-10-28T04:54:30.840407,2572.5675780682823,213.12774924959345,3308.4984886753195,84.19027812429121,1.4652543796258706,85.80735039217022
Fluoroscent_Red_313,salt_pepper,0.01,bilateral_filter,19893,935,37605,5543,29012,1611,17712,4608,22320,9119,676,9795,1.071634338390628,0.5611559139784946,2025-10-28T04:55:09.116903,2575.701775254237,1323.845010407568,2131.2255284442876,79.43017966679932,11.834732752256986,69.90323322970377
Fluoroscent_Red_313,salt_pepper,0.01,non_local_means,19893,935,37634,5738,8646,770,17741,4803,22544,11247,165,11412,1.0823890916074514,0.49378992193044713,2025-10-28T04:55:57.565873,2582.9493985014865,512.8499702905063,4309.27159258985,83.14523847462547,2.8190186159575683,86.96822022096737
Fluoroscent_Red_313,salt_pepper,0.01,topological_denoising,19893,935,37537,5721,12430,654,17644,4786,22430,7463,281,7744,1.0769156904167465,0.6547481052162283,2025-10-28T04:56:42.297703,2569.0771037704826,332.5186956794189,3706.4259304619673,82.8420043861872,4.774914876014684,88.56938866697845
Fluoroscent_Red_313,salt_pepper,0.01,morphological_denoising,19893,935,37519,5672,15919,3991,17626,4737,22363,3974,3056,918,1.073698866909929,0.9589500514242275,2025-10-28T04:57:21.726085,2563.8541495530258,176.29530027830708,3180.763725916046,81.65768325600779,51.66971309168623,29.121380500490886
Fluoroscent_Red_313,salt_pepper,0.03,median_filter,19893,935,71142,14888,15028,847,51249,13953,65202,4865,88,4953,3.1304974073362777,0.9240360725131131,2025-10-28T04:58:01.936060,10090.882048018246,212.77762804627451,11116.447841534828,243.89992939097272,1.4825649590415748,245.80977726635874
Fluoroscent_Red_313,salt_pepper,0.03,bilateral_filter,19893,935,71175,14814,59877,3761,51282,13879,65161,39984,2826,42810,3.1285289033992703,0.34301192431055383,2025-10-28T04:58:43.782578,10101.846002397639,7595.736633236123,3891.3492112435465,244.00488780435933,51.71534071085439,210.15461411712997
Fluoroscent_Red_313,salt_pepper,0.03,non_local_means,19893,935,71140,14833,9082,1937,51247,13898,65145,10811,1002,9809,3.1277607067409257,0.8494281986338169,2025-10-28T04:59:36.637833,10105.492122727434,481.7992463576021,12363.607609771896,243.18265910093163,15.997711487678805,214.53928837287262
Fluoroscent_Red_313,salt_pepper,0.03,topological_denoising,19893,935,71093,14780,12441,643,51200,13845,65045,7452,292,7744,3.1229594776262726,0.8809439618725498,2025-10-28T05:00:23.516074,10078.79088573963,332.04289644724116,11664.371213365772,244.09259026010085,4.981107605516465,252.5839559062874
Fluoroscent_Red_313,salt_pepper,0.03,morphological_denoising,19893,935,70969,14744,27300,9145,51076,13809,64885,7407,8210,15617,3.1152775110428266,0.7593126300377591,2025-10-28T05:01:03.801863,10067.236412230899,343.5766544497957,8775.360331294365,243.39576827131597,137.95099158124242,99.03661214242024
Fluoroscent_Red_313,salt_pepper,0.05,median_filter,19893,935,101339,23539,15038,846,81446,22604,104050,4855,89,4944,4.995678893796812,0.9524843825084094,2025-10-28T05:01:43.682611,17374.066423530232,212.39901365081724,18514.80393767899,402.79813600300776,1.5001967227482236,405.18543527454574
Fluoroscent_Red_313,salt_pepper,0.05,bilateral_filter,19893,935,101524,23412,88923,6017,81631,22477,104108,69030,5082,74112,4.998463606683311,0.28812387136435236,2025-10-28T05:02:23.492619,17399.757550795362,14113.323398680057,4726.418382240787,400.3263182894221,95.88693245430443,344.90226212407134
Fluoroscent_Red_313,salt_pepper,0.05,non_local_means,19893,935,101532,23587,9562,3650,81639,22652,104291,10331,2715,7616,5.007249855963127,0.9269735643535876,2025-10-28T05:03:14.919955,17425.81542672723,449.5064359123919,19720.858250387624,403.59885032997244,42.678151293940424,333.2598419691937
Fluoroscent_Red_313,salt_pepper,0.05,topological_denoising,19893,935,101557,23670,12434,655,81664,22735,104399,7459,280,7739,5.012435183406952,0.9258709374610868,2025-10-28T05:04:00.263521,17415.60992930978,332.3972660085877,19187.101393189914,404.1271702529652,4.759701864701969,413.2024147054886
Fluoroscent_Red_313,salt_pepper,0.05,morphological_denoising,19893,935,101476,23430,36880,5564,81583,22495,104078,16987,4629,21616,4.997023237948915,0.7923096139433886,2025-10-28T05:04:40.382298,17398.241737254146,803.8358028014247,14085.756368896598,400.1499182965439,77.30368178983491,315.73066851312853
Fluoroscent_Red_313,salt_pepper,0.08,median_filter,19893,935,132963,6410,15092,852,113070,5475,118545,4801,83,4884,5.691617053965815,0.958800455523219,2025-10-28T05:05:19.424537,26636.875533802162,209.839486234318,27906.503482155804,155.97353028073655,1.3963199461026414,158.33739484997585
Fluoroscent_Red_313,salt_pepper,0.08,bilateral_filter,19893,935,132807,6368,126293,4377,112914,5433,118347,106400,3442,109842,5.682110620318801,0.07186493954219375,2025-10-28T05:05:59.140526,26612.88793256829,23133.71314511755,2674.6341361140603,155.69990824664777,86.05451415691032,72.57155252557514
Fluoroscent_Red_313,salt_pepper,0.08,non_local_means,19893,935,132963,6533,10051,6186,113070,5598,118668,9842,5251,4591,5.697522565776839,0.9613122324468264,2025-10-28T05:06:50.703781,26630.219120972142,417.1019859900162,28929.170228579405,161.31310135978873,83.58887182796391,10.535908083668138
Fluoroscent_Red_313,salt_pepper,0.08,topological_denoising,19893,935,132366,6385,12443,647,112473,5450,117923,7450,288,7738,5.661753408872672,0.9343809095765881,2025-10-28T05:07:41.148737,26508.646501721432,331.97233724509755,28507.309891495373,157.21171751780676,4.901838970803876,166.6165337160937
Fluoroscent_Red_313,salt_pepper,0.08,morphological_denoising,19893,935,133098,6409,38689,680,113205,5474,118679,18796,255,18541,5.698050700979451,0.8437718551723556,2025-10-28T05:08:27.849769,26656.067690719272,879.0111251838507,22631.08594373399,156.85678471454315,4.234358036382631,162.3355043509318
Fluoroscent_Red_313,salt_pepper,0.1,median_filter,19893,935,153158,4145,15055,846,133265,3210,136475,4838,89,4927,6.552477434223161,0.9638981498442938,2025-10-28T05:09:10.573146,32012.979167226516,211.73233062275446,33345.45366929242,113.80316562458187,1.4991653409898316,117.01169805669882
Fluoroscent_Red_313,salt_pepper,0.1,bilateral_filter,19893,935,153333,4252,148274,2860,133440,3317,136757,128381,1925,130306,6.566016900326484,0.04717125997206728,2025-10-28T05:09:52.884082,32012.04575615285,28457.66483750564,2119.9749394216424,116.53958065400704,61.55521564743571,69.07652916692352
Fluoroscent_Red_313,salt_pepper,0.1,non_local_means,19893,935,153588,4207,10373,7893,133695,3272,136967,9520,6958,2562,6.5760994814672555,0.9812947644323086,2025-10-28T05:10:46.342965,32105.26879292772,398.95927983955045,34301.35186090585,116.1344763840975,112.0390537285716,128.0593382409054
Fluoroscent_Red_313,salt_pepper,0.1,topological_denoising,19893,935,153878,4225,14238,729,133985,3290,137275,5655,206,5861,6.5908872671403875,0.9573046803860863,2025-10-28T05:11:32.023684,32151.08269750111,248.7032435542609,33710.41186626644,114.77340992568539,3.490072308618107,122.32716143644194
Fluoroscent_Red_313,salt_pepper,0.1,morphological_denoising,19893,935,153600,4273,33295,99,133707,3338,137045,13402,836,12566,6.579844440176685,0.908307490240432,2025-10-28T05:12:13.033974,32086.138787085496,607.2652961769369,29205.048733882915,117.57432215908956,13.499068784012513,143.84333299346633
FLuroscent_Green61,gaussian,0.01,median_filter,9396,2577,17113,20321,3201,1080,7717,17744,25461,6195,1497,7692,2.1265347030819344,0.6978908919523978,2025-10-28T05:46:53.039151,153.6556370912804,131.37904333466716,306.272297103606,283.3729943796912,21.704832990088658,318.0586856637046
FLuroscent_Green61,gaussian,0.01,bilateral_filter,9396,2577,16882,20207,2413,706,7486,17630,25116,6983,1871,8854,2.0977198697068404,0.647475712693104,2025-10-28T05:47:14.798093,149.14234974831268,155.34505098906803,333.82054350955224,281.77116839538934,27.4001406333516,325.4141166468272
FLuroscent_Green61,gaussian,0.01,non_local_means,9396,2577,16752,20171,1243,325,7356,17594,24950,8153,2252,10405,2.0838553411843312,0.5829659318637275,2025-10-28T05:47:42.681846,146.60147181278367,196.7382149281813,387.1441279792472,281.44928262494454,34.28383337027535,342.93307921366073
FLuroscent_Green61,gaussian,0.01,topological_denoising,9396,2577,16973,20120,1877,518,7577,17543,25120,7519,2059,9578,2.0980539547314794,0.6187101910828026,2025-10-28T05:48:09.188650,150.94570311463988,174.60348523018158,362.9938027380389,280.2378856907171,30.874445569407445,333.81240473027174
FLuroscent_Green61,gaussian,0.01,morphological_denoising,9396,2577,17004,20314,2016,1085,7608,17737,25345,7380,1492,8872,2.11684623736741,0.649950680607615,2025-10-28T05:48:31.358126,151.60169455954284,171.41182319811946,360.51362074248965,283.63038386383374,20.75380546311995,306.7979370134978
FLuroscent_Green61,gaussian,0.03,median_filter,9396,2577,6928,825,8430,8428,-2468,-1752,-4220,966,5851,4885,-0.352459700993903,-0.15758293838862558,2025-10-28T05:48:56.089353,84.11771209048021,18.102177185671668,50.47260991778072,49.60831204688035,81.94059383024486,215.64288900354822
FLuroscent_Green61,gaussian,0.03,bilateral_filter,9396,2577,6944,838,3250,1441,-2452,-1739,-4191,6146,1136,7282,-0.3500375845652719,-0.7375328083989501,2025-10-28T05:49:20.951521,83.5624985888779,128.34951523407045,132.62706045495523,49.2288054609245,15.79087511932844,17.08735239211984
FLuroscent_Green61,gaussian,0.03,non_local_means,9396,2577,6917,829,1267,301,-2479,-1748,-4227,8129,2276,10405,-0.3530443497870208,-1.4615566595694345,2025-10-28T05:49:49.478664,84.39940423031722,194.49066051568818,219.72753498244506,49.373007211436736,33.16271823484076,15.29615717560465
FLuroscent_Green61,gaussian,0.03,topological_denoising,9396,2577,6823,880,4302,3059,-2573,-1697,-4270,5094,482,4612,-0.35663576380188755,-0.08009367681498825,2025-10-28T05:50:16.715573,87.7662558986898,101.71940981773322,88.2792008991662,48.11891676632819,6.731669678947435,61.83453591771297
FLuroscent_Green61,gaussian,0.03,morphological_denoising,9396,2577,7016,868,3924,3,-2380,-1709,-4089,5472,2574,8046,-0.3415184164369832,-0.9677182685253118,2025-10-28T05:50:39.885516,81.05234829992611,111.22031973715437,109.27741544799665,48.449675164075124,33.949681831356806,23.922544581755517
FLuroscent_Green61,gaussian,0.05,median_filter,9396,2577,8810,67,20954,24121,-586,-2510,-3096,11558,21544,33102,-0.2585818090704084,-9.69186046511628,2025-10-28T05:51:05.433106,26.319913402289725,208.64132253405162,532.6671576702714,96.42370628669906,318.32236775526394,943.5504505206437
FLuroscent_Green61,gaussian,0.05,bilateral_filter,9396,2577,8863,63,5588,3373,-533,-2514,-3047,3808,796,3012,-0.2544892675185835,0.011486708237610777,2025-10-28T05:51:30.682286,24.008407640616248,72.91103634828207,147.72444801810286,97.73056334465291,10.790016668061275,127.36039571950752
FLuroscent_Green61,gaussian,0.05,non_local_means,9396,2577,8839,63,1245,275,-557,-2514,-3071,8151,2302,10453,-0.2564937776664161,-2.403777271247151,2025-10-28T05:52:00.050432,25.11913274222216,193.72429073862514,377.3024971301243,96.62729543655661,32.83059383465495,8.314144200700703
FLuroscent_Green61,gaussian,0.05,topological_denoising,9396,2577,8806,81,19316,21506,-590,-2496,-3086,9920,18929,28849,-0.2577465965088115,-8.348347375243033,2025-10-28T05:52:29.377980,26.67157506030645,179.6258084236384,462.8435458431776,95.99606983513007,276.98754133080496,838.277669215339
FLuroscent_Green61,gaussian,0.05,morphological_denoising,9396,2577,8798,93,1404,0,-598,-2484,-3082,7992,2577,10569,-0.25741251148417277,-2.429266709928618,2025-10-28T05:52:55.636412,26.89947521677447,179.66845351864026,357.6344951489143,96.37978895061781,35.91372334957123,5.913725137710571
FLuroscent_Green61,gaussian,0.08,median_filter,9396,2577,42010,2041,32379,38645,32614,-536,32078,22983,36068,59051,2.6791948550906204,-0.8408566618866513,2025-10-28T05:53:21.313588,1618.7675701256255,458.49631176179736,486.44869949030254,21.61447966864135,603.3568481620789,1569.0083969051184
FLuroscent_Green61,gaussian,0.08,bilateral_filter,9396,2577,42118,2060,14606,9081,32722,-517,32205,5210,6504,11714,2.6898020546229016,0.6362676603011954,2025-10-28T05:53:47.209416,1627.2087079949779,93.53729441820369,1336.1058788287185,20.830077420541414,89.57090087360253,279.74882502137524
FLuroscent_Green61,gaussian,0.08,non_local_means,9396,2577,42024,2059,1107,270,32628,-518,32110,8289,2307,10596,2.6818675352877306,0.6700093428838367,2025-10-28T05:54:16.017126,1624.7451794323474,196.78549364735474,2226.9055388776756,20.901087248218623,32.60595676364839,72.16740482532396
FLuroscent_Green61,gaussian,0.08,topological_denoising,9396,2577,41736,2078,34994,37950,32340,-499,31841,25598,35373,60971,2.6594003173807734,-0.9148582016896454,2025-10-28T05:54:44.980653,1606.2640052966622,490.7806691699696,335.80797161295555,20.071980276030835,548.624044746138,1490.1668256672367
FLuroscent_Green61,gaussian,0.08,morphological_denoising,9396,2577,41742,2048,492,0,32346,-529,31817,8904,2577,11481,2.6573958072329407,0.6391551686205488,2025-10-28T05:55:07.891398,1607.499764313354,198.83741083181664,2182.682192339808,21.36833946948,35.91372334957123,135.78822720050812
FLuroscent_Green61,gaussian,0.1,median_filter,9396,2577,64034,5639,35835,42286,54638,3062,57700,26439,39709,66148,4.819176480414265,-0.14641247833622173,2025-10-28T05:55:32.379054,2926.6672671414417,572.7314460741244,1583.3893492844402,125.83324884428298,716.1106020720109,1654.028632552496
FLuroscent_Green61,gaussian,0.1,bilateral_filter,9396,2577,64236,5800,28461,14734,54840,3223,58063,19065,12157,31222,4.8494946964002335,0.462273737147581,2025-10-28T05:55:56.808149,2939.799312672038,342.80818748388145,1878.3330535180917,132.44391435330755,169.4426428562706,366.8298397629766
FLuroscent_Green61,gaussian,0.1,non_local_means,9396,2577,63943,5568,1145,273,54547,2991,57538,8251,2304,10555,4.805646036916396,0.8165560151552018,2025-10-28T05:56:25.561073,2924.564588052389,187.97080542030062,3597.093232919911,123.10219067189719,32.39065355964534,218.40872006481993
FLuroscent_Green61,gaussian,0.1,topological_denoising,9396,2577,64415,5466,42975,45331,55019,2889,57908,33579,42754,76333,4.8365489016954815,-0.318177108516958,2025-10-28T05:56:54.920691,2947.6984539282203,674.4380336338384,1170.3216103532266,119.1544309363979,679.6904415516796,1719.7871766563196
FLuroscent_Green61,gaussian,0.1,morphological_denoising,9396,2577,64200,5612,263,0,54804,3035,57839,9133,2577,11710,4.8307859350204625,0.7975414512699044,2025-10-28T05:57:18.235223,2939.440474977605,191.44652126540421,3547.3883465662875,124.52556722018976,35.91372334957123,381.6705654859543
FLuroscent_Green61,salt_pepper,0.01,median_filter,9396,2577,17195,10973,2877,708,7799,8396,16195,6519,1869,8388,1.3526267435062223,0.4820623649274467,2025-10-28T05:57:40.608518,1093.3823986035322,141.17987961222366,2043.5944612693609,171.08217740653797,27.530888285294207,217.29477764074994
FLuroscent_Green61,salt_pepper,0.01,bilateral_filter,9396,2577,17248,10957,10660,926,7852,8380,16232,1264,1651,387,1.355717029984131,0.9761582060128142,2025-10-28T05:58:00.822975,1098.4781217235586,217.96843548286887,1929.9686056791545,170.3946210502346,24.664900787515723,214.0236196722698
FLuroscent_Green61,salt_pepper,0.01,non_local_means,9396,2577,17193,10971,1432,462,7797,8394,16191,7964,2115,10079,1.3522926584815838,0.3774936693224631,2025-10-28T05:58:25.928925,1095.1551707239985,183.61357614135508,2275.730972380569,170.8633361402604,32.18249330231942,227.34565190900219
FLuroscent_Green61,salt_pepper,0.01,topological_denoising,9396,2577,17098,10995,1866,473,7702,8418,16120,7530,2104,9634,1.3463626492942455,0.4023573200992556,2025-10-28T05:58:50.336382,1085.4513578619385,175.34579652724037,2210.1009019357953,171.0844296665899,31.63736602038141,225.38580614149768
FLuroscent_Green61,salt_pepper,0.01,morphological_denoising,9396,2577,17187,10992,1933,11366,7791,8415,16206,7463,8789,1326,1.353545477323979,0.9181784524250278,2025-10-28T05:59:10.807065,1095.2885332950905,179.18610463215379,2218.992355622272,171.1823090705918,166.65589783798367,9.50573847649679
FLuroscent_Green61,salt_pepper,0.03,median_filter,9396,2577,32585,28428,2870,693,23189,25851,49040,6526,1884,8410,4.095882402071327,0.8285073409461664,2025-10-28T05:59:33.304616,4656.715016282325,141.44096502275488,6043.315777262069,540.530139782897,27.823051502627916,602.9385793188467
FLuroscent_Green61,salt_pepper,0.03,bilateral_filter,9396,2577,32560,28420,27148,1632,23164,25843,49007,17752,945,16807,4.093126200618057,0.6570489930009998,2025-10-28T05:59:54.332536,4645.6856795582125,3509.4650418586484,2051.9243513271767,540.3895670372319,14.018104185516505,582.699959593352
FLuroscent_Green61,salt_pepper,0.03,non_local_means,9396,2577,32420,28377,1767,871,23024,25800,48824,7629,1706,9335,4.077841810740834,0.8088030476814682,2025-10-28T06:00:20.334963,4632.238691225421,165.289574007779,6245.2901275887525,540.2874023432687,25.04534551445608,596.4220751530366
FLuroscent_Green61,salt_pepper,0.03,topological_denoising,9396,2577,32581,28435,1872,472,23185,25858,49043,7524,2105,9629,4.096132965839806,0.8036620924494831,2025-10-28T06:00:46.193342,4646.65402391266,175.08445301769567,6282.349388312319,540.8202719463872,31.692738841690105,616.0570807586582
FLuroscent_Green61,salt_pepper,0.03,morphological_denoising,9396,2577,32503,28342,3108,41131,23107,25765,48872,6288,38554,32266,4.0818508310364985,0.339785562285153,2025-10-28T06:01:08.685732,4642.05475644122,146.30621313275813,6027.149020924989,538.4582607904412,702.5078016339477,322.07922560434855
FLuroscent_Green61,salt_pepper,0.05,median_filter,9396,2577,43876,44208,2884,706,34480,41631,76111,6512,1871,8383,6.356886327570367,0.8898582333696837,2025-10-28T06:01:29.228265,7971.760880153344,141.09229018447556,9581.96816069092,879.7149088736769,27.59887694323015,954.561312990366
FLuroscent_Green61,salt_pepper,0.05,bilateral_filter,9396,2577,44139,44346,42422,2243,34743,41769,76512,33026,334,32692,6.390378351290403,0.5727206189878712,2025-10-28T06:01:52.179628,8036.675110438782,6832.495085262314,719.631196875367,881.6165271150016,4.961551075615575,919.8712255037667
FLuroscent_Green61,salt_pepper,0.05,non_local_means,9396,2577,44108,44214,2249,1265,34712,41637,76349,7147,1312,8459,6.376764386536373,0.8892061454635948,2025-10-28T06:02:19.134506,8025.180417923675,147.50329797008592,9741.116646967908,879.763518528748,18.989915855649162,930.4217689008389
FLuroscent_Green61,salt_pepper,0.05,topological_denoising,9396,2577,43980,44227,1864,480,34584,41650,76234,7532,2097,9629,6.367159442078009,0.873691528714222,2025-10-28T06:02:44.966044,8004.229767051301,175.7251190791663,9925.209945035456,879.0431042554486,31.42255829592746,968.9991412113692
FLuroscent_Green61,salt_pepper,0.05,morphological_denoising,9396,2577,44073,44116,5630,35508,34677,41539,76216,3766,32931,29165,6.365656059467135,0.6173375669150835,2025-10-28T06:03:06.343934,8022.208502630681,82.48600169074324,8999.315040095235,876.8114357907435,583.2513855529075,214.8781026990345
FLuroscent_Green61,salt_pepper,0.08,median_filter,9396,2577,62372,37663,2893,710,52976,35086,88062,6503,1867,8370,7.355048859934854,0.9049533283368536,2025-10-28T06:03:28.304065,12726.348725709939,140.93304127801008,14440.64368488187,793.4746646180513,27.550851201550188,865.8937847509344
FLuroscent_Green61,salt_pepper,0.08,bilateral_filter,9396,2577,62257,37676,62057,447,52861,35099,87960,52661,2130,50531,7.346529691806564,0.4255229649840837,2025-10-28T06:03:48.948938,12702.72299592143,11329.170592741757,87.30852773959592,793.3666011511227,43.50168130552961,1067.9628819005002
FLuroscent_Green61,salt_pepper,0.08,non_local_means,9396,2577,62132,37535,2793,2098,52736,34958,87694,6603,479,7082,7.324313037668087,0.9192419093666614,2025-10-28T06:04:15.671458,12665.587085008921,130.19138098026744,14286.467274806897,789.6771584006422,6.80048350133964,809.1463293639932
FLuroscent_Green61,salt_pepper,0.08,topological_denoising,9396,2577,62202,37571,1873,484,52806,34994,87800,7523,2093,9616,7.333166290821014,0.8904783599088838,2025-10-28T06:04:41.602664,12686.03638334431,175.05344881430358,14744.182881462119,791.0123435968452,31.32154646363127,876.2887158407808
FLuroscent_Green61,salt_pepper,0.08,morphological_denoising,9396,2577,62218,37575,18999,3204,52822,34998,87820,9603,627,10230,7.334836715944208,0.8835117285356411,2025-10-28T06:05:02.827498,12691.413589231557,224.5895625185738,10569.400601184176,791.4551490188622,10.864291894937692,893.8495074625935
FLuroscent_Green61,salt_pepper,0.1,median_filter,9396,2577,73382,53,2906,718,63986,-2524,61462,6490,1859,8349,5.133383446087029,0.8641599687611858,2025-10-28T06:05:22.509016,15417.441095365866,140.53283147646107,17160.089682519032,137.40212454927047,27.375604178712273,37.39055360316738
FLuroscent_Green61,salt_pepper,0.1,bilateral_filter,9396,2577,73625,53,73693,126,64229,-2524,61705,64297,2451,61846,5.153679111333834,-0.0022850660400290934,2025-10-28T06:05:43.040831,15474.655454401305,14056.441690591217,29.982489894029342,147.34330113695108,80.76813841530773,5.707567880629119
FLuroscent_Green61,salt_pepper,0.1,non_local_means,9396,2577,73325,51,3359,2693,63929,-2526,61403,6037,116,5921,5.128455691973607,0.9035714867351758,2025-10-28T06:06:08.205640,15402.38422573375,115.14786054534244,16852.653557456113,150.76826652502032,1.6769569988444415,158.74569369837192
FLuroscent_Green61,salt_pepper,0.1,topological_denoising,9396,2577,73522,42,1868,483,64126,-2535,61591,7528,2094,9622,5.14415768813163,0.8437758763455699,2025-10-28T06:06:31.587452,15455.06397050877,175.45754470400402,17570.053975086837,230.21041703788705,31.405163804236505,41.300169978452764
FLuroscent_Green61,salt_pepper,0.1,morphological_denoising,9396,2577,73659,35,23856,433,64263,-2542,61721,14460,2144,12316,5.15501545143239,0.8004568947359894,2025-10-28T06:06:52.474804,15480.535699070095,339.97957462217295,12217.32043426879,177.68182581040818,37.76996544618439,30.04178488673608
Fluroscent_Yellow,gaussian,0.01,median_filter,9367,4,27236,5645,5268,0,17869,5641,23510,4099,4,4103,2.5088037562693417,0.8254785197788175,2025-10-28T06:38:09.992257,944.352574254144,307.4232604612924,1239.50386566292,68.30255450055175,0.047058820724487305,70.25881934165955
Fluroscent_Yellow,gaussian,0.01,bilateral_filter,9367,4,27528,5577,4264,0,18161,5573,23734,5103,4,5107,2.5327072884430692,0.7848234600151681,2025-10-28T06:38:29.584992,957.720237622876,388.15305182070404,1334.7304833613912,67.51625357432799,0.047058820724487305,69.48627036809921
Fluroscent_Yellow,gaussian,0.01,non_local_means,9367,4,27289,5681,1604,0,17922,5677,23599,7763,4,7767,2.51830114182051,0.6708758845713801,2025-10-28T06:38:54.311164,946.9792992701007,633.0983091316667,1616.8782699776552,68.82504516754734,0.047058820724487305,70.87254479527473
Fluroscent_Yellow,gaussian,0.01,topological_denoising,9367,4,27614,5832,3457,0,18247,5828,24075,5910,4,5914,2.569096147689681,0.7543509865005192,2025-10-28T06:39:21.996974,962.1474799721738,446.4955345287615,1373.3927116060586,70.49965622447768,0.047058820724487305,72.46077999472618
Fluroscent_Yellow,gaussian,0.01,morphological_denoising,9367,4,27418,5631,3297,0,18051,5627,23678,6070,4,6074,2.5267314053996373,0.7434749556550384,2025-10-28T06:39:43.328573,952.5470120971672,426.7053071558396,1245.2495950825764,68.06730715078628,0.047058820724487305,69.95293700695038
Fluroscent_Yellow,gaussian,0.03,median_filter,9367,4,45966,2036,8080,527,36599,2032,38631,1287,523,764,4.122398890193149,0.9802231368589992,2025-10-28T06:40:05.765509,2075.3428360787575,82.05332738892768,1857.1871279852157,37.53697530412955,6.193864273448145,27.974343189687648
Fluroscent_Yellow,gaussian,0.03,bilateral_filter,9367,4,45997,2033,4209,0,36630,2029,38659,5158,4,5162,4.125386831714865,0.8664735249230451,2025-10-28T06:40:26.178483,2077.2234537254567,394.9296022049139,2584.508066785488,37.569171106381425,0.047058820724487305,51.26666361093521
Fluroscent_Yellow,gaussian,0.03,non_local_means,9367,4,46137,2026,1552,0,36770,2022,38792,7815,4,7819,4.139579553943015,0.7984378222313879,2025-10-28T06:40:51.796856,2083.8984187411525,642.383225913299,3006.1808023432563,37.48380532632751,0.047058820724487305,51.16274204850197
Fluroscent_Yellow,gaussian,0.03,topological_denoising,9367,4,46283,1970,4139,0,36916,1966,38882,5228,4,5232,4.149183651691389,0.865439020626511,2025-10-28T06:41:17.401163,2091.3937538641844,388.25564005578576,2507.190370931253,36.35262548325933,0.047058820724487305,49.55882057547569
Fluroscent_Yellow,gaussian,0.03,morphological_denoising,9367,4,45990,2008,3282,0,36623,2004,38627,6085,4,6089,4.121972041404333,0.8423641494291558,2025-10-28T06:41:37.301728,2077.297957906853,432.00391520609384,2403.0681228519056,37.1347938962726,0.047058820724487305,50.69999697804451
Fluroscent_Yellow,gaussian,0.05,median_filter,9367,4,59991,2262,19286,2201,50624,2258,52882,9919,2197,12116,5.643154412549355,0.7708861238228508,2025-10-28T06:41:58.676524,3210.5647327455486,514.7011532712659,1786.6293140949326,54.77274252679841,26.79438063560535,1.5814445957643717
Fluroscent_Yellow,gaussian,0.05,bilateral_filter,9367,4,59745,2203,4557,41,50378,2199,52577,4810,37,4773,5.6106071924020915,0.9092188599577762,2025-10-28T06:42:20.494245,3194.322333236233,357.8729321429801,3663.28148090905,53.10747238037211,0.43529409170150757,52.215346722618
Fluroscent_Yellow,gaussian,0.05,non_local_means,9367,4,59427,2180,1499,0,50060,2176,52236,7868,4,7872,5.574218333155479,0.8492993337927865,2025-10-28T06:42:45.575831,3174.700664152509,652.1952118190036,4336.55292886879,52.53888515769888,0.047058820724487305,79.43528938293457
Fluroscent_Yellow,gaussian,0.05,topological_denoising,9367,4,60055,2123,15550,1181,50688,2119,52807,6183,1177,7360,5.635150997759044,0.8606245384134679,2025-10-28T06:43:11.512993,3209.4627661661275,336.41543452293524,2060.7527161429452,51.44716889697232,14.218385033542882,23.196910554287328
Fluroscent_Yellow,gaussian,0.05,morphological_denoising,9367,4,59637,2158,3374,0,50270,2154,52424,5993,4,5997,5.594280226229858,0.8856058293911185,2025-10-28T06:43:33.614272,3187.81534633055,422.07378466617314,3510.3463136610953,52.17287937040071,0.047058820724487305,78.97842666506767
Fluroscent_Yellow,gaussian,0.08,median_filter,9367,4,67000,1851,37982,5349,57633,1847,59480,28615,5345,33960,6.347241489702273,0.4290517821116342,2025-10-28T06:43:56.437350,4352.498312070569,1399.4207268218695,1538.2728421874313,61.054395149022675,67.62195682704483,118.54897289871481
Fluroscent_Yellow,gaussian,0.08,bilateral_filter,9367,4,67185,1897,8146,1246,57818,1893,59711,1221,1242,21,6.371892007256429,0.9996483060072684,2025-10-28T06:44:17.589540,4365.55113279408,75.01593397480445,3864.1743621981077,62.32056901634179,15.067197666744168,21.74536737831524
Fluroscent_Yellow,gaussian,0.08,non_local_means,9367,4,67262,1878,1477,1,57895,1874,59769,7890,3,7893,6.37808131469427,0.8679415750639964,2025-10-28T06:44:44.260315,4377.442887384745,651.7145337360721,5707.495160076833,61.79685050025344,0.03529411554336548,61.89553338605851
Fluroscent_Yellow,gaussian,0.08,topological_denoising,9367,4,67296,1795,29327,3571,57929,1791,59720,19960,3567,23527,6.372852417031266,0.6060448760884125,2025-10-28T06:45:09.185709,4376.551095206622,1001.5904474910188,2062.2360592161076,59.09680078145024,45.080847407140105,60.11360053997945
Fluroscent_Yellow,gaussian,0.08,morphological_denoising,9367,4,67219,1858,3381,0,57852,1854,59706,5986,4,5990,6.371358446270409,0.8996750745318729,2025-10-28T06:45:29.177869,4370.298511729628,425.61671533977574,4799.386075839436,61.22020467113306,0.047058820724487305,100.53920969367027
Fluroscent_Yellow,gaussian,0.1,median_filter,9367,4,70876,1826,49660,7596,61509,1822,63331,40293,7592,47885,6.758190161135418,0.24389319606511817,2025-10-28T06:45:50.429987,5138.970071112617,1966.8373377528908,1293.0641680476833,70.38215868099952,98.50105660758312,229.40770613434296
Fluroscent_Yellow,gaussian,0.1,bilateral_filter,9367,4,70777,1829,16931,3938,61410,1825,63235,7564,3934,11498,6.74794579020382,0.8181703170712422,2025-10-28T06:46:11.586860,5124.65684764688,399.35286475675423,3490.362951062174,70.37363295846131,48.59178650610758,82.50237312748779
Fluroscent_Yellow,gaussian,0.1,non_local_means,9367,4,70830,1806,1474,0,61463,1802,63265,7893,4,7897,6.751147156119944,0.8751758476250692,2025-10-28T06:46:36.928139,5128.652347923826,647.4672046582999,6520.93770229191,69.7485735683247,0.047058820724487305,118.14313021302223
Fluroscent_Yellow,gaussian,0.1,topological_denoising,9367,4,70837,1811,36885,5784,61470,1807,63277,27518,5780,33298,6.752427702486394,0.47377404112078636,2025-10-28T06:47:03.270938,5130.266020685116,1370.3412197685423,2099.661470207471,69.61884363246583,74.31721413135529,157.13738948809447
Fluroscent_Yellow,gaussian,0.1,morphological_denoising,9367,4,70960,1811,3456,0,61593,1807,63400,5911,4,5915,6.765553302742504,0.9067034700315457,2025-10-28T06:47:24.141832,5140.920010077728,417.52826143338115,5578.765895142646,69.5973659686411,0.047058820724487305,117.78822830319405
Fluroscent_Yellow,salt_pepper,0.01,median_filter,9367,4,18133,261,5181,0,8766,257,9023,4186,4,4190,0.9628641553729591,0.5356311648010639,2025-10-28T06:47:42.544631,1543.0461769111403,316.911822891,2335.3361624438335,3.086758887459492,0.047058820724487305,3.1352939307689667
Fluroscent_Yellow,salt_pepper,0.01,bilateral_filter,9367,4,18135,276,13178,0,8768,272,9040,3811,4,3807,0.9646782627254296,0.5788716814159292,2025-10-28T06:48:01.040528,1542.1150256233898,721.8668831276254,1456.6237831215562,3.2290989834329356,0.047058820724487305,3.290195882320404
Fluroscent_Yellow,salt_pepper,0.01,non_local_means,9367,4,18094,242,1676,20,8727,238,8965,7691,16,7675,0.956674847935119,0.14389291689905181,2025-10-28T06:48:24.792778,1536.6278761350306,610.9318194529769,3022.0574132170655,2.837797594587665,0.18823528289794922,2.6478121902578136
Fluroscent_Yellow,salt_pepper,0.01,topological_denoising,9367,4,18056,276,3444,0,8689,272,8961,5923,4,5927,0.9562479991463024,0.33857828367369713,2025-10-28T06:48:48.140467,1531.7865702603356,448.53690798216013,2638.773599249268,3.2436485705168354,0.047058820724487305,3.311764508485794
Fluroscent_Yellow,salt_pepper,0.01,morphological_denoising,9367,4,18119,263,3580,1,8752,259,9011,5787,3,5790,0.9615836090065095,0.3574520031073133,2025-10-28T06:49:09.653947,1539.5711496136348,439.7298172985474,2623.5961387608363,3.109326587203791,0.03529411554336548,3.144978564501715
Fluroscent_Yellow,salt_pepper,0.03,median_filter,9367,4,34427,476,5199,0,25060,472,25532,4168,4,4172,2.7245758190161133,0.8365972113426289,2025-10-28T06:49:30.052343,5684.129746828348,315.22991897829417,6752.447015057496,6.0465147162185,0.047058820724487305,5.962744742631912
Fluroscent_Yellow,salt_pepper,0.03,bilateral_filter,9367,4,34529,447,29935,15,25162,443,25605,20568,11,20579,2.732365809412016,0.19628978715094703,2025-10-28T06:49:50.094713,5707.738773957927,4570.237993740176,1734.794734728671,5.552649140457979,0.4775163114070892,7.73424878232431
Fluroscent_Yellow,salt_pepper,0.03,non_local_means,9367,4,34513,466,1873,148,25146,462,25608,7494,144,7350,2.7326859460036284,0.7129803186504218,2025-10-28T06:50:15.266855,5701.024358943252,558.8970280843462,7502.215848616438,5.62365951500993,1.799257974366884,4.105965352268592
Fluroscent_Yellow,salt_pepper,0.03,topological_denoising,9367,4,34460,499,3436,0,25093,495,25588,5931,4,5935,2.7305517020595453,0.7680553384398937,2025-10-28T06:50:37.380398,5699.782149114641,449.96611461413613,7184.730223813574,6.501170596671487,0.047058820724487305,6.556862384080887
Fluroscent_Yellow,salt_pepper,0.03,morphological_denoising,9367,4,34436,458,4558,0,25069,454,25523,4809,4,4813,2.723615409241276,0.8114249892254045,2025-10-28T06:50:58.761932,5695.071812313194,425.07677818731656,7293.587807711338,5.4297839044613605,0.047058820724487305,5.527450650930405
Fluroscent_Yellow,salt_pepper,0.05,median_filter,9367,4,49443,630,5228,0,40076,626,40702,4139,4,4143,4.343399850602924,0.8982113901036805,2025-10-28T06:51:18.958770,9731.842268356164,312.28103668475444,10914.81817891818,8.255636014351769,0.047058820724487305,8.415685832500458
Fluroscent_Yellow,salt_pepper,0.05,bilateral_filter,9367,4,49308,618,45078,20,39941,614,40555,35711,16,35727,4.327713157613915,0.11904820613981015,2025-10-28T06:51:39.040763,9711.88803993423,8347.759326445565,1715.2581514719689,8.18295218518251,0.9772549152374268,14.600448856794527
Fluroscent_Yellow,salt_pepper,0.05,non_local_means,9367,4,49199,660,2151,425,39832,656,40488,7216,421,6795,4.320563440401238,0.8321724955542383,2025-10-28T06:52:07.456876,9692.152451380942,504.8668972226159,11377.99173755393,8.84682071461822,5.199764395952225,3.672639482919917
Fluroscent_Yellow,salt_pepper,0.05,topological_denoising,9367,4,49244,663,3439,0,39877,659,40536,5928,4,5932,4.325685625867036,0.8536609433589896,2025-10-28T06:52:31.312814,9679.906349831157,448.8716040366236,11315.553185710703,8.548933347268521,0.047058820724487305,8.478430896997452
Fluroscent_Yellow,salt_pepper,0.05,morphological_denoising,9367,4,49300,672,4824,0,39933,668,40601,4543,4,4547,4.332621918685306,0.8880076845397896,2025-10-28T06:52:51.460766,9703.29254021872,429.73706239915043,11835.40626916623,9.832218238817793,0.047058820724487305,9.927450478076935
Fluroscent_Yellow,salt_pepper,0.08,median_filter,9367,4,65970,21,5264,0,56603,17,56620,4103,4,4107,6.042044605698432,0.9274637937124691,2025-10-28T06:53:10.818462,14830.3431978877,309.3138434078192,16145.857723541461,2.5916433135668435,0.047058820724487305,3.7627450823783875
Fluroscent_Yellow,salt_pepper,0.08,bilateral_filter,9367,4,65662,19,63663,14,56295,15,56310,54296,10,54306,6.008963824565148,0.035588705380927066,2025-10-28T06:53:31.137746,14758.157404212592,13344.54804031358,872.6058682578024,2.2069659899724154,1.8229692024844033,0.8961595341675264
Fluroscent_Yellow,salt_pepper,0.08,non_local_means,9367,4,65787,24,3014,1221,56420,20,56440,6353,1217,5136,6.022836410201686,0.9090007087172218,2025-10-28T06:53:55.775868,14791.67261864254,389.997771606513,15824.858043474274,3.3558823615312576,15.140534820442412,144.59296959882982
Fluroscent_Yellow,salt_pepper,0.08,topological_denoising,9367,4,65814,13,3433,0,56447,9,56456,5934,4,5938,6.024543805356952,0.8948207453592179,2025-10-28T06:54:18.409096,14802.054347009014,450.21662300945394,16635.337152900844,1.9904977507316148,0.047058820724487305,2.7764706313610077
Fluroscent_Yellow,salt_pepper,0.08,morphological_denoising,9367,4,65927,20,3865,0,56560,16,56576,5502,4,5506,6.037349269021449,0.9026795814479638,2025-10-28T06:54:38.980337,14825.523567031414,513.3538406849427,17623.853929415855,2.4078431367874145,0.047058820724487305,3.3627451062202454
Fluroscent_Yellow,salt_pepper,0.1,median_filter,9367,4,76577,39,5267,0,67210,35,67245,4100,4,4104,7.175861700992423,0.9389694401070712,2025-10-28T06:54:58.109484,17875.229531936395,309.76676313742956,19259.988653245553,5.023730545471876,0.047058820724487305,8.56078439950943
Fluroscent_Yellow,salt_pepper,0.1,bilateral_filter,9367,4,76310,38,74782,40,66943,34,66977,65415,36,65451,7.147262832141713,0.02278394075578183,2025-10-28T06:55:18.024990,17793.414815999837,16338.767531527154,678.6821482698792,6.160681113600731,5.846470634639263,0.6140712074935436
Fluroscent_Yellow,salt_pepper,0.1,non_local_means,9367,4,76547,30,3452,1839,67180,26,67206,5915,1835,4080,7.171699925301462,0.9392911347201143,2025-10-28T06:55:44.159900,17850.964194299457,346.9195048547669,18485.789306653725,4.816993468999863,22.705457709012567,269.2429039372365
Fluroscent_Yellow,salt_pepper,0.1,topological_denoising,9367,4,76503,33,3461,0,67136,29,67165,5906,4,5910,7.167324725216092,0.9120077421275963,2025-10-28T06:56:06.979790,17828.356165277615,446.4407929555611,19700.795041563073,4.526084411776427,0.047058820724487305,7.690196186304092
Fluroscent_Yellow,salt_pepper,0.1,morphological_denoising,9367,4,76461,30,2483,0,67094,26,67120,6884,4,6888,7.162522676341906,0.897377830750894,2025-10-28T06:56:26.438461,17851.020025142483,621.4860916422397,21074.789355075503,4.430719008048375,0.047058820724487305,7.627451121807098
MouseSlice,gaussian,0.01,median_filter,188,178,177,180,124,87,-11,2,-9,64,91,155,-0.024590163934426257,-16.22222222222222,2025-10-28T07:01:36.424978,0.6793648885624648,3.115017922733702,2.6649045777780827,0.09466205910057499,3.077558362498917,3.261583085470544
MouseSlice,gaussian,0.01,bilateral_filter,188,178,189,166,71,42,1,-12,-11,117,136,253,-0.030054644808743203,-22.0,2025-10-28T07:01:36.708665,0.06036890864388201,5.769761653098233,5.921641168815273,0.5718734493133433,4.5294073054127475,4.340230138299156
MouseSlice,gaussian,0.01,non_local_means,188,178,177,178,15,1,-11,0,-11,173,177,350,-0.030054644808743203,-30.818181818181817,2025-10-28T07:01:37.150535,0.672257042996695,8.628285575897584,8.294704784593824,0.00784313678741455,5.344618549476262,5.5396394638679505
MouseSlice,gaussian,0.01,topological_denoising,188,178,179,176,94,50,-9,-2,-11,94,128,222,-0.030054644808743203,-19.181818181818183,2025-10-28T07:01:37.544615,0.5458155723978116,4.600062218383124,4.263522242161354,0.09880817691920148,4.319060335293244,4.432146354348145
MouseSlice,gaussian,0.01,morphological_denoising,188,178,177,187,125,19,-11,9,-2,63,159,222,-0.005464480874316946,-110.0,2025-10-28T07:01:37.818134,0.6792423376293086,3.070506158408528,2.6176664159917262,0.42529404042433594,5.302608370265991,5.794336405535282
MouseSlice,gaussian,0.03,median_filter,188,178,131,195,135,115,-57,17,-40,53,63,116,-0.10928961748633881,-1.9,2025-10-28T07:01:38.080697,4.0400680959167135,2.5486656464598876,0.3250678727632104,0.958427564160873,2.144280314580257,3.4360371519922546
MouseSlice,gaussian,0.03,bilateral_filter,188,178,140,191,74,44,-48,13,-35,114,134,248,-0.09562841530054644,-6.085714285714285,2025-10-28T07:01:38.424964,3.3104489716350685,5.616601652364158,3.893246070922763,0.7359439119193892,4.487115443858249,6.21888070655007
MouseSlice,gaussian,0.03,non_local_means,188,178,133,180,14,1,-55,2,-53,174,177,351,-0.14480874316939896,-5.622641509433962,2025-10-28T07:01:38.943314,3.8352027104039874,8.89971031993982,7.29586981784548,0.129574911112196,5.344618549476262,7.020005039311946
MouseSlice,gaussian,0.03,topological_denoising,188,178,139,187,157,111,-49,9,-40,31,67,98,-0.10928961748633881,-1.4500000000000002,2025-10-28T07:01:39.349202,3.458782712304126,1.5298522818894664,1.1407387140923395,0.5197944027246748,2.3366977815764325,3.3231981318260413
MouseSlice,gaussian,0.03,morphological_denoising,188,178,149,177,164,23,-39,-1,-40,24,155,179,-0.10928961748633881,-3.4749999999999996,2025-10-28T07:01:39.738686,2.6821305836261122,1.1368631185256235,0.8827785425423362,0.05897037018205653,5.2231217692608425,6.579339866626855
MouseSlice,gaussian,0.05,median_filter,188,178,232,452,150,103,44,274,318,38,75,113,0.8688524590163935,0.6446540880503144,2025-10-28T07:01:40.023040,3.191047332369584,1.8359507046446404,4.927199761952482,16.58543299411752,2.6743259652832374,17.173385266932584
MouseSlice,gaussian,0.05,bilateral_filter,188,178,217,477,86,55,29,299,328,102,123,225,0.8961748633879782,0.3140243902439024,2025-10-28T07:01:40.323848,2.155041838466698,4.8883421027228575,7.902388904742747,17.996496714660957,4.160382802379759,19.93403882132495
MouseSlice,gaussian,0.05,non_local_means,188,178,215,486,15,1,27,308,335,173,177,350,0.9153005464480874,-0.04477611940298498,2025-10-28T07:01:40.763718,2.010800300731238,8.6607085431527,12.565815785790338,18.580355044494556,5.344618549476262,21.153966804358863
MouseSlice,gaussian,0.05,topological_denoising,188,178,230,454,169,130,42,276,318,19,48,67,0.8688524590163935,0.7893081761006289,2025-10-28T07:01:41.077630,3.123142860834294,0.913389612765021,3.7311067979973553,16.710131424924725,1.7176008627320944,15.784875767627149
MouseSlice,gaussian,0.05,morphological_denoising,188,178,236,456,190,22,48,278,326,2,156,154,0.8907103825136613,0.5276073619631902,2025-10-28T07:01:41.470219,3.4942699968035376,0.13604817408643963,2.7951170881029914,16.79298935683386,5.568869471340702,21.456010166988627
MouseSlice,gaussian,0.08,median_filter,188,178,740,1596,164,136,552,1418,1970,24,42,66,5.382513661202186,0.966497461928934,2025-10-28T07:01:41.775314,39.91275345374709,1.205526644029278,35.49734874586877,92.12888806977551,1.6286894972820845,81.05188151946
MouseSlice,gaussian,0.08,bilateral_filter,188,178,697,1549,94,95,509,1371,1880,94,83,177,5.136612021857924,0.9058510638297872,2025-10-28T07:01:42.156164,36.6978125527824,4.646804794888031,37.142121376073916,89.12868983846182,2.949689251903636,76.9594518014286
MouseSlice,gaussian,0.08,non_local_means,188,178,691,1567,14,1,503,1389,1892,174,177,351,5.169398907103825,0.8144820295983086,2025-10-28T07:01:42.668019,36.27376802871019,8.908910922709671,42.90026614498622,89.791807158993,5.344618549476262,74.603519742849
MouseSlice,gaussian,0.08,topological_denoising,188,178,719,1504,194,170,531,1326,1857,6,8,2,5.073770491803279,0.9989229940764675,2025-10-28T07:01:43.219646,38.51818998893482,0.3115631346824802,31.39687284076217,86.30458053729838,0.32369501631010156,72.21175615170442
MouseSlice,gaussian,0.08,morphological_denoising,188,178,690,1596,237,24,502,1418,1920,49,154,105,5.245901639344262,0.9453125,2025-10-28T07:01:43.543297,36.46507164563467,2.4302415247813576,27.55514934875998,92.12148228392887,5.508679087807455,84.50498214550666
MouseSlice,gaussian,0.1,median_filter,188,178,1075,2321,164,149,887,2143,3030,24,29,53,8.278688524590164,0.9825082508250825,2025-10-28T07:01:43.862391,66.12071444922559,1.2047327080696792,59.43856894602587,146.28867003812655,1.18253677573977,131.29333760306145
MouseSlice,gaussian,0.1,bilateral_filter,188,178,1109,2311,111,124,921,2133,3054,77,54,131,8.344262295081966,0.9571054354944335,2025-10-28T07:01:44.139279,69.08479134037728,3.8698557235149886,65.3553418948767,145.00773500726234,2.073978105778682,126.8326620000843
MouseSlice,gaussian,0.1,non_local_means,188,178,1083,2326,13,2,895,2148,3043,175,176,351,8.314207650273223,0.8846533026618468,2025-10-28T07:01:44.522535,66.8829449391628,9.153734903014596,71.73545423614468,146.44798445888026,5.315707998161905,118.82056105858686
MouseSlice,gaussian,0.1,topological_denoising,188,178,1096,2295,207,189,908,2117,3025,19,11,30,8.265027322404372,0.9900826446280991,2025-10-28T07:01:44.873001,68.01633554802214,0.9375620788334511,56.13536929142009,144.57481933876096,0.45870492421206865,122.70053730852462
MouseSlice,gaussian,0.1,morphological_denoising,188,178,1026,2358,42,358,838,2180,3018,146,180,34,8.245901639344263,0.9887342611000662,2025-10-28T07:01:45.165726,63.03882738060773,6.877012891067837,60.93945176605135,148.79508348992297,7.004841654047422,121.7153038676099
MouseSlice,salt_pepper,0.01,median_filter,188,178,303,287,127,84,115,109,224,61,94,155,0.6120218579234973,0.3080357142857143,2025-10-28T07:01:45.433187,16.04622204220754,2.9599711418212586,22.417075718629,9.391035990580065,3.19852083316596,14.342205986062565
MouseSlice,salt_pepper,0.01,bilateral_filter,188,178,305,289,209,69,117,111,228,21,109,88,0.6229508196721312,0.6140350877192983,2025-10-28T07:01:45.699585,16.23622627861376,1.7543265985098278,15.421092598831002,9.615831913432782,6.363426982365097,19.793386282633843
MouseSlice,salt_pepper,0.01,non_local_means,188,178,313,296,15,1,125,118,243,173,177,350,0.6639344262295082,-0.440329218106996,2025-10-28T07:01:46.094742,17.31712427270416,8.607977453858743,38.045226110691274,10.132854431754472,5.344618549476262,19.513327123471413
MouseSlice,salt_pepper,0.01,topological_denoising,188,178,313,287,91,50,125,109,234,97,128,225,0.639344262295082,0.038461538461538436,2025-10-28T07:01:46.421975,17.192249986374453,4.79705659009817,28.0877001634393,9.77455038020942,4.311530923977326,17.411200617101915
MouseSlice,salt_pepper,0.01,morphological_denoising,188,178,316,294,242,20,128,116,244,54,158,104,0.6666666666666667,0.5737704918032787,2025-10-28T07:01:46.681877,18.05035604571658,7.2238061238502,15.82783736228723,9.827519910044863,5.410121959426932,18.928897973028374
MouseSlice,salt_pepper,0.03,median_filter,188,178,582,567,127,81,394,389,783,61,97,158,2.139344262295082,0.7982120051085568,2025-10-28T07:01:46.947071,71.34122962830047,2.9529527793388697,76.9853144383639,39.8036141432988,3.307785079050212,43.3857123346201
MouseSlice,salt_pepper,0.03,bilateral_filter,188,178,557,557,490,140,369,379,748,302,38,264,2.0437158469945356,0.6470588235294117,2025-10-28T07:01:47.230425,66.42458404968929,30.16233269240066,14.912438964713267,38.35828933216667,3.225701862267468,51.800914496265804
MouseSlice,salt_pepper,0.03,non_local_means,188,178,578,573,14,2,390,395,785,174,176,350,2.1448087431693987,0.554140127388535,2025-10-28T07:01:47.633033,70.54801066643378,8.849785737696854,96.80266313854375,38.60417875982335,5.315707998161905,45.936417777045754
MouseSlice,salt_pepper,0.03,topological_denoising,188,178,565,552,96,54,377,374,751,92,124,216,2.051912568306011,0.7123834886817577,2025-10-28T07:01:48.013410,69.11361540111999,4.4742953314540275,80.58748138569794,37.73873495206744,4.157239483550805,43.38128167056762
MouseSlice,salt_pepper,0.03,morphological_denoising,188,178,559,560,271,20,371,382,753,83,158,75,2.057377049180328,0.900398406374502,2025-10-28T07:01:48.304673,66.55178266650594,12.298906318578055,76.87461309497075,37.98400094491888,5.897867028394274,48.36739959341607
MouseSlice,salt_pepper,0.05,median_filter,188,178,822,837,138,81,634,659,1293,50,97,147,3.5327868852459012,0.8863109048723898,2025-10-28T07:01:48.612035,120.54059786509649,2.383844103778153,121.30297839229956,67.65588485110634,3.3156282158376267,67.87290420623556
MouseSlice,salt_pepper,0.05,bilateral_filter,188,178,844,836,774,230,656,658,1314,586,52,638,3.5901639344262293,0.5144596651445967,2025-10-28T07:01:48.887035,123.65766340900826,65.08294436865908,16.976532060133216,67.67893620560703,4.4726241020786945,78.85660297376425
MouseSlice,salt_pepper,0.05,non_local_means,188,178,822,854,15,3,634,676,1310,173,175,348,3.579234972677596,0.7343511450381679,2025-10-28T07:01:49.285949,119.60716894800724,8.5385096708845,143.51796604279536,67.6613383275213,5.340065417528738,70.90398521135961
MouseSlice,salt_pepper,0.05,topological_denoising,188,178,836,845,93,52,648,667,1315,95,126,221,3.5928961748633883,0.8319391634980988,2025-10-28T07:01:49.605530,122.80287439690304,4.67049463716318,132.67449625962615,65.60791844521795,4.251289007013265,67.46184055180504
MouseSlice,salt_pepper,0.05,morphological_denoising,188,178,816,854,38,186,628,676,1304,150,8,142,3.562841530054645,0.8911042944785276,2025-10-28T07:01:49.869367,120.55342955088673,14.253827923466286,176.22016484210025,68.48059714668757,1.6155138673805176,132.04332335314157
MouseSlice,salt_pepper,0.08,median_filter,188,178,1175,1255,131,84,987,1077,2064,57,94,151,5.639344262295082,0.9268410852713178,2025-10-28T07:01:50.161739,189.75166447956335,2.7365537852349515,187.8199984482988,111.51582129390411,3.1906776963785455,105.97052152900329
MouseSlice,salt_pepper,0.08,bilateral_filter,188,178,1202,1256,1111,291,1014,1078,2092,923,113,1036,5.715846994535519,0.5047801147227533,2025-10-28T07:01:50.469950,195.020564530558,115.5387896283703,23.584842940605157,109.4844058878783,10.321545070934153,135.98162861296038
MouseSlice,salt_pepper,0.08,non_local_means,188,178,1189,1278,17,1,1001,1100,2101,171,177,348,5.740437158469946,0.8343645882912899,2025-10-28T07:01:50.850092,192.08850654037056,8.335991630535498,211.45468015630763,113.5274337156117,5.344618549476262,110.01554548081974
MouseSlice,salt_pepper,0.08,topological_denoising,188,178,1203,1245,150,92,1015,1067,2082,38,86,124,5.688524590163935,0.9404418828049952,2025-10-28T07:01:51.162155,195.09609425398187,1.858651061064195,189.46823536306786,108.99012660098056,2.9751607513307254,103.3845887877573
MouseSlice,salt_pepper,0.08,morphological_denoising,188,178,1181,1257,71,74,993,1079,2072,117,104,221,5.66120218579235,0.8933397683397684,2025-10-28T07:01:51.439869,193.25962294883647,16.953473610550787,309.65832507633775,109.61440200976341,13.491912402945685,213.37205708831712
MouseSlice,salt_pepper,0.1,median_filter,188,178,1458,1521,131,83,1270,1343,2613,57,95,152,7.139344262295081,0.9418293149636433,2025-10-28T07:01:51.715034,243.52727105178894,2.751169168979191,238.41272490011337,136.70067908122422,3.247400053489095,127.97259107129678
MouseSlice,salt_pepper,0.1,bilateral_filter,188,178,1428,1508,1327,307,1240,1330,2570,1139,129,1268,7.021857923497267,0.5066147859922179,2025-10-28T07:01:51.999357,239.72617393394802,149.18241493517317,26.861037932490735,137.44095583171838,14.22203005606957,194.80522344764032
MouseSlice,salt_pepper,0.1,non_local_means,188,178,1441,1510,13,4,1253,1332,2585,175,174,349,7.062841530054644,0.8649903288201161,2025-10-28T07:01:52.447464,241.73913683014717,8.97595719016035,262.65973713106166,133.23768001098105,5.377984927590476,126.05827012967491
MouseSlice,salt_pepper,0.1,topological_denoising,188,178,1433,1486,144,98,1245,1308,2553,44,80,124,6.975409836065574,0.9514296905601254,2025-10-28T07:01:52.792390,239.27548246168027,2.1631797779060697,232.5199231550302,131.64876559440438,2.7552610455651916,122.1256152184333
MouseSlice,salt_pepper,0.1,morphological_denoising,188,178,1460,1517,46,27,1272,1339,2611,142,151,293,7.133879781420765,0.8877824588280352,2025-10-28T07:01:53.078786,244.3816276660582,24.851829502608634,433.9037731884967,136.38487153507847,20.958994432189705,285.14700618577785
Zebrafish,gaussian,0.01,median_filter,75,65,78,65,30,9,3,0,3,45,56,101,0.021428571428571352,-32.666666666666664,2025-10-28T07:06:07.439746,0.37960912081802467,5.7845673931953305,6.11323213747436,0.00784313678741455,7.344434197641846,7.411764523208651
Zebrafish,gaussian,0.01,bilateral_filter,75,65,79,64,22,34,4,-1,3,53,31,84,0.021428571428571352,-27.0,2025-10-28T07:06:07.472038,0.5044746168455715,6.45525225773235,6.858581312206077,0.16400687794577187,4.12534103001472,4.0595551091725675
Zebrafish,gaussian,0.01,non_local_means,75,65,75,65,4,1,0,0,0,71,64,135,0.0,-134.0,2025-10-28T07:06:07.523879,0.007843137253075838,6.002777911520245,5.987409617898668,0.0156862735748291,6.22389125594726,6.314871657353181
Zebrafish,gaussian,0.01,topological_denoising,75,65,77,64,25,36,2,-1,1,50,29,79,0.0071428571428571175,-78.0,2025-10-28T07:06:07.576880,0.2549277635477185,6.239052456503667,6.439559873293579,0.1640375151988477,3.8961470342822313,3.8275870398049143
Zebrafish,gaussian,0.01,morphological_denoising,75,65,78,65,8,45,3,0,3,67,20,87,0.021428571428571352,-28.0,2025-10-28T07:06:07.611400,0.37671887439968366,6.099509708007571,6.2969696224582465,0.00784313678741455,2.4010389690470495,2.4158202698852262
Zebrafish,gaussian,0.03,median_filter,75,65,83,66,24,8,8,1,9,51,57,108,0.06428571428571428,-11.0,2025-10-28T07:06:07.644658,1.0356767509119118,6.827259273129159,7.818401502272508,0.17328625181494478,7.723361409555834,8.044882421297105
Zebrafish,gaussian,0.03,bilateral_filter,75,65,80,68,22,33,5,3,8,53,32,85,0.05714285714285716,-9.625,2025-10-28T07:06:07.675659,0.6395445593219828,6.499976791155421,7.1005190181078,0.49864008280604544,4.280632448224199,4.766619783603717
Zebrafish,gaussian,0.03,non_local_means,75,65,76,69,4,3,1,4,5,71,62,133,0.03571428571428581,-25.6,2025-10-28T07:06:07.723350,0.13128760927688196,6.018137387728932,6.166431561708451,0.6806207896275664,6.007621780611002,6.65021296525779
Zebrafish,gaussian,0.03,topological_denoising,75,65,81,66,25,34,6,1,7,50,31,81,0.050000000000000044,-10.571428571428571,2025-10-28T07:06:07.796271,0.7649755047530414,6.229493633544005,6.8257191805945086,0.18340211585250907,4.153830037026653,4.47676052235452
Zebrafish,gaussian,0.03,morphological_denoising,75,65,87,67,8,52,12,2,14,67,13,80,0.10000000000000009,-4.714285714285714,2025-10-28T07:06:07.838665,1.4973552408674995,6.091806912485017,6.9612535967490015,0.35997252535806323,1.68230389803648,1.9511702974015757
Zebrafish,gaussian,0.05,median_filter,75,65,91,88,27,11,16,23,39,48,54,102,0.27857142857142847,-1.6153846153846154,2025-10-28T07:06:07.867665,2.0230937087424548,6.3215687887127405,8.355120061376951,3.6691139534089743,7.003981713387932,9.655759492889047
Zebrafish,gaussian,0.05,bilateral_filter,75,65,96,90,33,37,21,25,46,42,28,70,0.3285714285714285,-0.5217391304347827,2025-10-28T07:06:07.901954,2.6250413136061606,4.826225584567952,7.04681518033735,3.992693041538835,3.812757615456958,6.840563851317486
Zebrafish,gaussian,0.05,non_local_means,75,65,97,95,5,2,22,30,52,70,63,133,0.37142857142857144,-1.5576923076923075,2025-10-28T07:06:07.948954,2.7342320582167368,5.766666764097692,7.21944459270647,4.673969870093863,6.0781748211727695,8.081599335882224
Zebrafish,gaussian,0.05,topological_denoising,75,65,94,94,23,35,19,29,48,52,30,82,0.34285714285714275,-0.7083333333333333,2025-10-28T07:06:07.983961,2.3717109755202124,6.521034003545459,8.745515142788223,4.545718249707877,4.045722790717424,7.329291713226438
Zebrafish,gaussian,0.05,morphological_denoising,75,65,97,89,9,54,22,24,46,66,11,77,0.3285714285714285,-0.673913043478261,2025-10-28T07:06:08.014471,2.7194240520783515,5.918627421012954,7.493382314355889,3.8048833827315063,1.54109795774702,3.8221696778865244
Zebrafish,gaussian,0.08,median_filter,75,65,117,167,28,16,42,102,144,47,49,96,1.0285714285714285,0.33333333333333337,2025-10-28T07:06:08.046472,5.2401961928482175,6.091376302597762,11.326942968341946,14.453554368894917,6.2316495283650095,15.544512545112743
Zebrafish,gaussian,0.08,bilateral_filter,75,65,117,170,35,37,42,105,147,40,28,68,1.0499999999999998,0.5374149659863945,2025-10-28T07:06:08.076903,5.268272580914498,4.663667897610897,9.331198784377017,15.0422096548189,3.7988731604913664,14.587279018621732
Zebrafish,gaussian,0.08,non_local_means,75,65,127,154,4,2,52,89,141,71,63,134,1.0071428571428571,0.049645390070921946,2025-10-28T07:06:08.148922,6.514161343192354,5.96029425392175,9.847222568802646,12.745392543625657,6.105135603879507,11.014106992583772
Zebrafish,gaussian,0.08,topological_denoising,75,65,128,155,27,31,53,90,143,48,34,82,1.0214285714285714,0.42657342657342656,2025-10-28T07:06:08.197435,6.650752804548782,5.894419477431573,12.09578794048221,13.115238274889016,4.552334808848484,13.929411175847054
Zebrafish,gaussian,0.08,morphological_denoising,75,65,129,160,11,33,54,95,149,64,32,96,1.0642857142857145,0.3557046979865772,2025-10-28T07:06:08.228597,6.805346304214304,5.920784370117897,10.476816924267041,13.626762418515193,3.7249580840547605,11.169939366226423
Zebrafish,gaussian,0.1,median_filter,75,65,140,208,28,19,65,143,208,47,46,93,1.4857142857142858,0.5528846153846154,2025-10-28T07:06:08.272265,8.324104410899329,5.9220952578298,14.196005651834522,20.05503613303881,5.823183120051135,18.688010865450565
Zebrafish,gaussian,0.1,bilateral_filter,75,65,145,192,37,45,70,127,197,38,20,58,1.407142857142857,0.7055837563451777,2025-10-28T07:06:08.313557,8.760471305050114,4.503268074686849,12.476716088160174,18.107258809411015,2.763130460666795,15.83022090588541
Zebrafish,gaussian,0.1,non_local_means,75,65,138,202,5,3,63,137,200,70,62,132,1.4285714285714284,0.33999999999999997,2025-10-28T07:06:08.360826,7.950461713793769,5.7269608841114055,10.471481265504437,19.316170585556673,6.027883217311823,13.741169430315495
Zebrafish,gaussian,0.1,topological_denoising,75,65,145,194,28,34,70,129,199,47,31,78,1.4214285714285713,0.6080402010050252,2025-10-28T07:06:08.394212,8.819662452150048,5.799509937329487,14.216912195576393,18.259695397682556,4.130041140911267,16.777839669988257
Zebrafish,gaussian,0.1,morphological_denoising,75,65,138,215,10,42,63,150,213,65,23,88,1.5214285714285714,0.5868544600938967,2025-10-28T07:06:08.425087,7.915518218710345,5.905719135849815,11.238376405975341,21.120940084827396,2.718144734031879,14.138932308468014
Zebrafish,salt_pepper,0.01,median_filter,75,65,92,71,27,8,17,6,23,48,57,105,0.16428571428571437,-3.5652173913043477,2025-10-28T07:06:08.455584,2.6417097994191034,6.391553639687924,9.558123420624595,0.9873889238772386,7.856939832966488,8.815756767240524
Zebrafish,salt_pepper,0.01,bilateral_filter,75,65,88,73,37,37,13,8,21,38,28,66,0.1499999999999999,-2.142857142857143,2025-10-28T07:06:08.488714,2.1322121128515343,4.464923846460572,6.765410360700889,1.3949015127971878,3.8407385528025655,5.176786951938633
Zebrafish,salt_pepper,0.01,non_local_means,75,65,88,76,4,1,13,11,24,71,64,135,0.17142857142857149,-4.625,2025-10-28T07:06:08.547536,2.1245830828741954,5.9949347747328305,8.206355849762673,1.8040933904807397,6.165067730041651,7.269943039129047
Zebrafish,salt_pepper,0.01,topological_denoising,75,65,90,77,25,37,15,12,27,50,28,78,0.19285714285714284,-1.8888888888888888,2025-10-28T07:06:08.580884,2.4495979583607745,6.259640706092673,9.114352731455348,2.0547851641754526,3.7630490992458347,5.545904477130493
Zebrafish,salt_pepper,0.01,morphological_denoising,75,65,95,73,8,43,20,8,28,67,22,89,0.19999999999999996,-2.1785714285714284,2025-10-28T07:06:08.610717,3.113433499451536,6.017997737930329,8.961321434318542,1.448030708147678,2.6661810992895383,3.798498820984637
Zebrafish,salt_pepper,0.03,median_filter,75,65,109,94,29,9,34,29,63,46,56,102,0.44999999999999996,-0.6190476190476191,2025-10-28T07:06:08.641817,5.428322521206741,5.9969188967372675,12.542732887704261,4.991379481305882,7.363170579967336,11.727626766820148
Zebrafish,salt_pepper,0.03,bilateral_filter,75,65,121,87,60,47,46,22,68,15,18,33,0.48571428571428577,0.5147058823529411,2025-10-28T07:06:08.676884,7.037875930248941,1.8898056233885703,9.063918758390932,3.7406049476035608,2.563613415922841,5.695922390650525
Zebrafish,salt_pepper,0.03,non_local_means,75,65,124,86,3,2,49,21,70,72,63,135,0.5,-0.9285714285714286,2025-10-28T07:06:08.723508,7.890391474732111,6.419608048364722,14.150482696948604,3.730143196291035,6.0781748211727695,8.77843110142059
Zebrafish,salt_pepper,0.03,topological_denoising,75,65,131,103,26,35,56,38,94,49,30,79,0.6714285714285715,0.15957446808510634,2025-10-28T07:06:08.757643,8.768687911266984,6.09629426387856,15.74854491049997,6.433055508361546,4.017431446074784,9.184124067896944
Zebrafish,salt_pepper,0.03,morphological_denoising,75,65,112,100,9,32,37,35,72,66,33,99,0.5142857142857142,-0.375,2025-10-28T07:06:08.788177,5.905719047683913,7.12867667769535,13.795938670670884,5.8782615273761065,4.0319574053685825,8.36208308763802
Zebrafish,salt_pepper,0.05,median_filter,75,65,137,121,28,8,62,56,118,47,57,104,0.8428571428571427,0.11864406779661019,2025-10-28T07:06:08.824382,10.64429082129077,6.056917318701255,18.658404235731698,9.629606710603603,7.601057495277089,15.619187002070248
Zebrafish,salt_pepper,0.05,bilateral_filter,75,65,140,123,85,65,65,58,123,10,0,10,0.8785714285714286,0.9186991869918699,2025-10-28T07:06:08.888140,10.656718340103483,1.3787815495902982,9.224880566965751,10.09362244497451,0.050980374217033386,8.736156394450532
Zebrafish,salt_pepper,0.05,non_local_means,75,65,139,119,4,1,64,54,118,71,64,135,0.8428571428571427,-0.14406779661016955,2025-10-28T07:06:08.963968,10.337141405232178,5.940686411953213,15.296696958147274,9.071719345377197,6.22389125594726,11.501976890285977
Zebrafish,salt_pepper,0.05,topological_denoising,75,65,141,115,25,33,66,50,116,50,32,82,0.8285714285714285,0.2931034482758621,2025-10-28T07:06:09.013638,11.273375525342708,6.2499184689278975,19.278651355257967,8.754278733952587,4.289069733141742,11.495066325156428
Zebrafish,salt_pepper,0.05,morphological_denoising,75,65,144,117,10,13,69,52,121,65,52,117,0.8642857142857143,0.03305785123966942,2025-10-28T07:06:09.054143,11.264099321050805,6.354194210286745,17.44812158220856,8.855686043699583,6.27921549975872,12.90196036795775
Zebrafish,salt_pepper,0.08,median_filter,75,65,181,158,28,8,106,93,199,47,57,104,1.4214285714285713,0.4773869346733668,2025-10-28T07:06:09.092203,17.62663426251149,6.194934743876874,25.955637822443776,15.31193507560497,7.884881007771653,20.61277230529563
Zebrafish,salt_pepper,0.08,bilateral_filter,75,65,177,155,110,72,102,90,192,35,7,42,1.3714285714285714,0.78125,2025-10-28T07:06:09.126351,16.52232647610597,4.882213624601762,11.378540999118783,14.99366957416975,1.0884790908521376,11.724065604290214
Zebrafish,salt_pepper,0.08,non_local_means,75,65,178,153,4,1,103,88,191,71,64,135,1.3642857142857143,0.2931937172774869,2025-10-28T07:06:09.183159,17.084510639912118,5.979575298524144,20.70824254246555,14.33331163046257,6.22389125594726,13.981545052010249
Zebrafish,salt_pepper,0.08,topological_denoising,75,65,175,158,25,35,100,93,193,50,30,80,1.3785714285714286,0.5854922279792747,2025-10-28T07:06:09.222693,16.503809162484714,6.193791036194123,24.01943959815203,15.275344057467485,3.9953026256554733,15.706074572159197
Zebrafish,salt_pepper,0.08,morphological_denoising,75,65,171,157,9,2,96,92,188,66,63,129,1.342857142857143,0.31382978723404253,2025-10-28T07:06:09.262764,15.866713047091553,8.137010073861912,25.815765036157718,15.109521437806864,7.52033159795862,17.94855679600102
Zebrafish,salt_pepper,0.1,median_filter,75,65,202,190,29,9,127,125,252,46,56,102,1.7999999999999998,0.5952380952380952,2025-10-28T07:06:09.299325,21.619420411226,6.143697619962265,30.509917234582762,20.211613296783767,7.185392812785939,22.170086346270395
Zebrafish,salt_pepper,0.1,bilateral_filter,75,65,200,183,140,82,125,118,243,65,17,82,1.7357142857142858,0.6625514403292181,2025-10-28T07:06:09.342371,21.34685472985021,9.208199513023306,11.067126836701357,19.60533976450268,2.447086175533246,14.45865041525732
Zebrafish,salt_pepper,0.1,non_local_means,75,65,207,177,5,1,132,112,244,70,64,134,1.7428571428571429,0.4508196721311475,2025-10-28T07:06:09.395817,22.275462025777976,5.635784418957711,23.89924394940388,17.898195823273262,6.165067730041651,15.433144423163542
Zebrafish,salt_pepper,0.1,topological_denoising,75,65,197,185,26,31,122,120,242,49,34,83,1.7285714285714286,0.6570247933884297,2025-10-28T07:06:09.436544,20.419498140531285,6.155156997868515,28.152626015232276,19.061594953841826,4.551133037889122,19.166130085205033
Zebrafish,salt_pepper,0.1,morphological_denoising,75,65,216,186,9,0,141,121,262,66,65,131,1.8714285714285714,0.5,2025-10-28T07:06:09.489913,24.47460824074041,8.154412033608988,34.95975612309372,19.335662985177414,10.53137231618166,29.007842026650906
Defungi_H2_1a_6,gaussian,0.01,median_filter,79,68,511,1433,33,30,432,1365,1797,46,38,84,12.224489795918368,0.9532554257095158,2025-10-28T07:14:05.210038,9.570488785605086,1.597930945396328,14.212876738438053,24.792788462315464,0.8920761843668479,29.03013875872784
Defungi_H2_1a_6,gaussian,0.01,bilateral_filter,79,68,479,1458,29,23,400,1390,1790,50,45,95,12.17687074829932,0.946927374301676,2025-10-28T07:14:07.290238,8.894347587928676,1.7835220130153628,13.821601230301546,25.1740200312496,1.0862721138779083,30.63823426974465
Defungi_H2_1a_6,gaussian,0.01,non_local_means,79,68,508,1377,19,14,429,1309,1738,60,54,114,11.82312925170068,0.9344073647871116,2025-10-28T07:14:10.295433,9.500718078217826,2.2404225608095145,15.4629130388667,23.763411478242944,1.2162631012874991,26.731713628679874
Defungi_H2_1a_6,gaussian,0.01,topological_denoising,79,68,483,1470,28,22,404,1402,1806,51,46,97,12.285714285714286,0.9462901439645626,2025-10-28T07:14:13.443057,8.96904006459755,1.7846532311035783,13.561228096213485,25.4162871124325,1.074766833853116,29.70811511166094
Defungi_H2_1a_6,gaussian,0.01,morphological_denoising,79,68,518,1452,30,45,439,1384,1823,49,23,72,12.401360544217686,0.9605046626439934,2025-10-28T07:14:15.540011,9.69568733091791,1.4584894829489798,11.043404862900863,25.092509345502368,0.6292798324810719,29.481326626578845
Defungi_H2_1a_6,gaussian,0.03,median_filter,79,68,299,1068,111,80,220,1000,1220,32,12,44,8.299319727891156,0.9639344262295082,2025-10-28T07:14:17.716495,8.268898696132995,0.8029728191993731,6.717330531580481,33.48774715911701,0.24701269683154192,32.372699348576894
Defungi_H2_1a_6,gaussian,0.03,bilateral_filter,79,68,291,1059,33,29,212,991,1203,46,39,85,8.183673469387756,0.9293433083956775,2025-10-28T07:14:19.896077,8.014343327654082,1.58665642555421,11.644559688769796,33.14330011407619,0.9220002227506277,37.33037832478226
Defungi_H2_1a_6,gaussian,0.03,non_local_means,79,68,275,1113,19,15,196,1045,1241,60,53,113,8.4421768707483,0.9089443996776793,2025-10-28T07:14:23.075451,7.43704881233634,2.273102297423742,12.295963878239546,34.907139900807465,1.1798617087377636,38.061130655245634
Defungi_H2_1a_6,gaussian,0.03,topological_denoising,79,68,307,1066,44,41,228,998,1226,35,27,62,8.34013605442177,0.9494290375203915,2025-10-28T07:14:25.733126,8.518780747779715,1.081966328645124,10.832932124360557,33.283843815490734,0.602320910748121,35.45158526416009
Defungi_H2_1a_6,gaussian,0.03,morphological_denoising,79,68,291,1102,39,578,212,1034,1246,40,510,470,8.476190476190476,0.622792937399679,2025-10-28T07:14:28.157057,8.027284497906686,1.1717712273280791,9.504921212960069,34.67997625570582,9.68610163887634,16.605808687105448
Defungi_H2_1a_6,gaussian,0.05,median_filter,79,68,725,2247,573,571,646,2179,2825,494,503,997,19.217687074829932,0.6470796460176991,2025-10-28T07:14:30.437080,31.13710908944117,10.66359367532035,6.588514946578439,98.93813422304295,9.038295398466385,71.61192308273908
Defungi_H2_1a_6,gaussian,0.05,bilateral_filter,79,68,695,2292,59,56,616,2224,2840,20,12,32,19.31972789115646,0.9887323943661972,2025-10-28T07:14:32.748559,29.737938101676004,0.5860457211917318,31.582887125549227,100.71405005460066,0.25279703730044245,101.47009037819844
Defungi_H2_1a_6,gaussian,0.05,non_local_means,79,68,678,2292,21,15,599,2224,2823,58,53,111,19.20408163265306,0.9606801275239107,2025-10-28T07:14:35.693325,29.003726528646872,2.0734542085765266,36.93210367385458,100.72214655481764,1.1694695524944394,105.52862594445476
Defungi_H2_1a_6,gaussian,0.05,topological_denoising,79,68,687,2209,431,416,608,2141,2749,352,348,700,18.700680272108844,0.7453619497999273,2025-10-28T07:14:38.299259,29.547180364506456,7.739769231320565,11.30228833148482,96.9054530594844,6.31252343128372,76.5378035624704
Defungi_H2_1a_6,gaussian,0.05,morphological_denoising,79,68,722,2280,65,1298,643,2212,2855,14,1230,1216,19.421768707482993,0.5740805604203152,2025-10-28T07:14:40.714427,31.122326003710562,0.47196454868819093,30.773939635428622,100.33240671491883,25.233443342396754,44.28400702402198
Defungi_H2_1a_6,gaussian,0.08,median_filter,79,68,5027,11382,1391,1327,4948,11314,16262,1312,1259,2571,110.62585034013605,0.8419013651457385,2025-10-28T07:14:43.402154,261.20555573772447,30.356335962789018,178.69619269954902,580.7677044311494,24.90955081024151,507.2698939636583
Defungi_H2_1a_6,gaussian,0.08,bilateral_filter,79,68,4929,11468,369,686,4850,11400,16250,290,618,908,110.54421768707483,0.944123076923077,2025-10-28T07:14:46.070986,256.14102203368293,6.409182876174587,219.46611504778642,587.2324529979267,10.957653454362278,523.9102601065479
Defungi_H2_1a_6,gaussian,0.08,non_local_means,79,68,5032,11483,22,14,4953,11415,16368,57,54,111,111.34693877551021,0.9932184750733137,2025-10-28T07:14:48.906892,262.89971270938423,2.008387380392178,301.84615159423885,588.1823877760263,1.2236860700327308,609.928058789822
Defungi_H2_1a_6,gaussian,0.08,topological_denoising,79,68,5032,11427,1250,1251,4953,11359,16312,1171,1183,2354,110.96598639455782,0.855689063266307,2025-10-28T07:14:51.587110,261.2844601680756,26.392944476733643,183.45609706367662,584.8639753240524,22.453093682709145,506.6546028481809
Defungi_H2_1a_6,gaussian,0.08,morphological_denoising,79,68,5047,11370,121,2158,4968,11302,16270,42,2090,2132,110.68027210884354,0.8689612784265519,2025-10-28T07:14:54.042760,262.6106714520303,1.1324132880339255,249.92743299801313,582.4836980780415,48.493104528377,497.58453599327635
Defungi_H2_1a_6,gaussian,0.1,median_filter,79,68,8100,16896,1699,1642,8021,16828,24849,1620,1574,3194,169.0408163265306,0.8714636403879432,2025-10-28T07:14:56.785498,456.3020014658466,40.18439718763379,351.4679302318511,942.3716968026862,33.75894794102601,865.6527965544075
Defungi_H2_1a_6,gaussian,0.1,bilateral_filter,79,68,8011,16924,697,1765,7932,16856,24788,618,1697,2315,168.62585034013605,0.9066080361465225,2025-10-28T07:14:59.230802,451.14286690892703,14.780647679049256,395.0279038492987,942.9872245888401,33.79405985091201,836.5628529573492
Defungi_H2_1a_6,gaussian,0.1,non_local_means,79,68,8054,16889,23,16,7975,16821,24796,56,52,108,168.68027210884352,0.9956444587836748,2025-10-28T07:15:02.294634,451.8540864330613,1.9831346989997896,514.3675225375227,943.1828559795974,1.1666956101270283,972.5037809468581
Defungi_H2_1a_6,gaussian,0.1,topological_denoising,79,68,8089,16905,1706,1726,8010,16837,24847,1627,1658,3285,169.02721088435374,0.8677908801867429,2025-10-28T07:15:05.070812,455.55398787790733,38.161058510557446,341.74458690558697,943.7251985006105,33.19390928707613,840.9409514625784
Defungi_H2_1a_6,gaussian,0.1,morphological_denoising,79,68,8043,16814,149,2584,7964,16746,24710,70,2516,2586,168.0952380952381,0.8953460137596115,2025-10-28T07:15:07.536306,453.0261682947355,1.8395460574027367,433.3196384209046,938.5573572713948,62.36001301517612,855.4541029109287
Defungi_H2_1a_6,salt_pepper,0.01,median_filter,79,68,1270,1258,30,29,1191,1190,2381,49,39,88,16.197278911564627,0.9630407391852163,2025-10-28T07:15:09.537903,162.08369311958091,1.7522690793784266,179.40446115589387,154.60063046810998,0.9127372077516985,162.67745518106713
Defungi_H2_1a_6,salt_pepper,0.01,bilateral_filter,79,68,1273,1260,1057,1071,1194,1192,2386,978,1003,1981,16.231292517006803,0.16974015088013417,2025-10-28T07:15:11.726442,162.6693180820206,27.627106515120822,30.08667497948055,153.45230555413872,23.360894412777963,25.160575895274388
Defungi_H2_1a_6,salt_pepper,0.01,non_local_means,79,68,1275,1252,20,15,1196,1184,2380,59,53,112,16.19047619047619,0.9529411764705882,2025-10-28T07:15:14.366171,162.0493469260582,2.1572737580042096,180.88099223573343,153.88582992438333,1.1733911208881467,162.06827022118873
Defungi_H2_1a_6,salt_pepper,0.01,topological_denoising,79,68,1276,1251,26,21,1197,1183,2380,53,47,100,16.19047619047619,0.957983193277311,2025-10-28T07:15:16.598589,163.3674878940158,1.9169941351486322,181.53295725335678,152.88573930990313,1.1130500523848277,162.27559610282916
Defungi_H2_1a_6,salt_pepper,0.01,morphological_denoising,79,68,1261,1261,1157,20,1182,1193,2375,1078,48,1030,16.156462585034014,0.5663157894736842,2025-10-28T07:15:18.982621,160.018366886573,143.87639358198888,25.141242551347887,155.4674262286998,1.1158940406406628,164.53612195458751
Defungi_H2_1a_6,salt_pepper,0.03,median_filter,79,68,3528,3552,30,29,3449,3484,6933,49,39,88,47.16326530612245,0.9873070820712534,2025-10-28T07:15:20.904605,476.7633326566017,1.7522690793784266,513.592108276568,457.9670158023381,0.9153741244302257,471.9889523023816
Defungi_H2_1a_6,salt_pepper,0.03,bilateral_filter,79,68,3519,3547,3117,3228,3440,3479,6919,3038,3160,6198,47.06802721088435,0.10420581008816299,2025-10-28T07:15:23.263458,477.7222526134654,99.51718153942844,58.56937256822329,458.2704015537151,88.31685596910421,44.527467303000954
Defungi_H2_1a_6,salt_pepper,0.03,non_local_means,79,68,3544,3548,20,14,3465,3480,6945,59,54,113,47.244897959183675,0.9837293016558676,2025-10-28T07:15:26.098558,481.299823096516,2.1438062896828862,518.5835878377234,456.9501917060672,1.2238261260467918,469.6448303627648
Defungi_H2_1a_6,salt_pepper,0.03,topological_denoising,79,68,3539,3558,26,21,3460,3490,6950,53,47,100,47.27891156462585,0.9856115107913669,2025-10-28T07:15:28.458221,478.6054400063257,1.9047588417602657,516.084589956046,459.62793028745904,1.115244263271783,475.54801350162
Defungi_H2_1a_6,salt_pepper,0.03,morphological_denoising,79,68,3533,3539,33,2408,3454,3471,6925,46,2340,2294,47.10884353741496,0.6687364620938628,2025-10-28T07:15:30.590809,479.52947074902727,1.7842054631895363,508.6150386665599,457.4490548954573,304.51306992979056,272.53075440428034
Defungi_H2_1a_6,salt_pepper,0.05,median_filter,79,68,5605,5688,31,29,5526,5620,11146,48,39,87,75.82312925170068,0.9921945092409833,2025-10-28T07:15:32.721473,768.4475789641256,1.6895928891805503,819.8369664250464,742.7967013654372,0.9153741144104794,762.2396373703999
Defungi_H2_1a_6,salt_pepper,0.05,bilateral_filter,79,68,5568,5670,5141,5393,5489,5602,11091,5062,5325,10387,75.44897959183673,0.06347488955008562,2025-10-28T07:15:34.825258,765.1495016246365,183.80020188050085,63.818034273702175,741.2827169970135,163.70981115745067,39.61503518001114
Defungi_H2_1a_6,salt_pepper,0.05,non_local_means,79,68,5601,5680,22,16,5522,5612,11134,57,52,109,75.74149659863946,0.990210167055865,2025-10-28T07:15:37.464151,771.1295056088595,2.009507828504666,818.0497741666157,741.6669658687808,1.1590975713642204,753.6151507022515
Defungi_H2_1a_6,salt_pepper,0.05,topological_denoising,79,68,5589,5679,26,21,5510,5611,11121,53,47,100,75.65306122448979,0.9910080028774391,2025-10-28T07:15:40.007015,769.1643240781169,1.9130725667549249,825.1636619764034,741.1990908454778,1.115244263271783,762.9715637459336
Defungi_H2_1a_6,salt_pepper,0.05,morphological_denoising,79,68,5552,5704,100,1484,5473,5636,11109,21,1416,1437,75.57142857142857,0.8706454226302998,2025-10-28T07:15:42.291906,761.121630563112,1.268125914267345,863.7953640439708,744.3964910981402,183.02122396238968,1013.7411787082367
Defungi_H2_1a_6,salt_pepper,0.08,median_filter,79,68,8345,8599,31,28,8266,8531,16797,48,40,88,114.26530612244898,0.9947609692206941,2025-10-28T07:15:44.326716,1150.8119383298133,1.692730143895516,1224.7260677906993,1128.8281438050808,0.9470918460302994,1157.5909570972199
Defungi_H2_1a_6,salt_pepper,0.08,bilateral_filter,79,68,8359,8678,7954,8468,8280,8610,16890,7875,8400,16275,114.89795918367346,0.03641207815275316,2025-10-28T07:15:46.487514,1154.139258835091,330.2008677259552,62.793809531065975,1137.2683026994773,299.7708318440398,31.079124722401804
Defungi_H2_1a_6,salt_pepper,0.08,non_local_means,79,68,8287,8588,24,20,8208,8520,16728,55,48,103,113.79591836734694,0.9938426590148255,2025-10-28T07:15:49.079279,1144.0223389074094,1.8907552920884083,1202.8217345160588,1126.2685079690243,1.0147175224388347,1131.9705474618074
Defungi_H2_1a_6,salt_pepper,0.08,topological_denoising,79,68,8316,8601,29,24,8237,8533,16770,50,44,94,114.08163265306122,0.9943947525342874,2025-10-28T07:15:51.545517,1148.8461822104591,1.7489281775423022,1219.3008943415934,1126.7274106824314,1.0252884583292055,1152.2734434963768
Defungi_H2_1a_6,salt_pepper,0.08,morphological_denoising,79,68,8352,8634,296,329,8273,8566,16839,217,261,478,114.55102040816327,0.9716135162420572,2025-10-28T07:15:53.562709,1154.171315116266,27.67532529088805,1921.7571690172576,1133.9764362036337,34.00622322954685,1994.0955246077149
Defungi_H2_1a_6,salt_pepper,0.1,median_filter,79,68,9936,10438,32,29,9857,10370,20227,47,39,86,137.59863945578232,0.9957482572798735,2025-10-28T07:15:55.828872,1370.105444202102,1.638161218841464,1451.748331197473,1368.7687800856797,0.9140556858735381,1399.8417917078314
Defungi_H2_1a_6,salt_pepper,0.1,bilateral_filter,79,68,10037,10452,9752,10292,9958,10384,20342,9673,10224,19897,138.38095238095238,0.02187592173827546,2025-10-28T07:15:58.097449,1387.8295563022914,435.13731882807093,45.133326365811605,1376.4764900899995,400.06056421464234,24.56558878375581
Defungi_H2_1a_6,salt_pepper,0.1,non_local_means,79,68,9990,10407,28,18,9911,10339,20250,51,50,101,137.75510204081633,0.9950123456790123,2025-10-28T07:16:00.954833,1382.5288243536077,1.6113417508860683,1421.6806408584616,1366.4926191852162,1.0819429398995208,1380.1702309217103
Defungi_H2_1a_6,salt_pepper,0.1,topological_denoising,79,68,9957,10514,41,33,9878,10446,20324,38,35,73,138.25850340136054,0.9964081873646919,2025-10-28T07:16:03.243815,1374.5481372102324,1.3232806624796911,1456.6091198601312,1380.9334740370798,0.8347436859506496,1415.6272352519097
Defungi_H2_1a_6,salt_pepper,0.1,morphological_denoising,79,68,9942,10468,307,126,9863,10400,20263,228,58,286,137.843537414966,0.9858856043034101,2025-10-28T07:16:05.327596,1373.0387957608993,31.169031045769046,2385.933122262043,1375.59201038033,8.045385733535504,2504.598120755748
Mouserbirn_neuronal,gaussian,0.01,median_filter,2808,4542,3181,4461,394,351,373,-81,292,2414,4191,6605,0.03972789115646269,-21.61986301369863,2025-10-28T07:24:36.215814,12.269766005254835,78.85395037430676,89.46842669432768,3.177766903874244,160.13212469094069,159.5260569415249
Mouserbirn_neuronal,gaussian,0.01,bilateral_filter,2808,4542,3163,4461,267,419,355,-81,274,2541,4123,6664,0.03727891156462593,-23.32116788321168,2025-10-28T07:24:38.495369,11.676258457680685,71.64940169373924,79.99159870679233,3.1748244084203496,136.40995644793898,136.2146950334032
Mouserbirn_neuronal,gaussian,0.01,non_local_means,2808,4542,3227,4462,11,5,419,-80,339,2797,4537,7334,0.046122448979591946,-20.634218289085545,2025-10-28T07:24:41.547014,13.742404487514388,67.90172711544703,75.96145102961493,3.1369557254176597,142.1079923327558,142.42444653408387
Mouserbirn_neuronal,gaussian,0.01,topological_denoising,2808,4542,3170,4458,93,77,362,-84,278,2715,4465,7180,0.037823129251700616,-24.827338129496404,2025-10-28T07:24:44.797131,11.951190443087395,92.72478124416058,103.50169396771831,3.2963922583888947,158.94632458580375,158.449373025951
Mouserbirn_neuronal,gaussian,0.01,morphological_denoising,2808,4542,3188,4450,42,182,380,-92,288,2766,4360,7126,0.03918367346938778,-23.743055555555557,2025-10-28T07:24:47.005592,12.503784821949818,78.89734507729884,88.02559611013692,3.6114011429825457,124.62459591053499,124.9064130634101
Mouserbirn_neuronal,gaussian,0.03,median_filter,2808,4542,3102,2600,533,422,294,-1942,-1648,2275,4120,6395,-0.22421768707482992,-2.8804611650485437,2025-10-28T07:24:49.424014,11.656656468727505,68.77575970654236,93.62616594706572,96.4986787423911,149.32965411280898,103.35859545648744
Mouserbirn_neuronal,gaussian,0.03,bilateral_filter,2808,4542,3197,2564,345,492,389,-1978,-1589,2463,4050,6513,-0.21619047619047616,-3.098804279421019,2025-10-28T07:24:51.642371,15.476581246685633,68.77764455864681,97.37374728874529,98.71512860393595,131.44325916560607,90.91575334349804
Mouserbirn_neuronal,gaussian,0.03,non_local_means,2808,4542,3133,2592,9,6,325,-1950,-1625,2799,4536,7335,-0.22108843537414968,-3.5138461538461536,2025-10-28T07:24:54.489822,12.900033292503254,68.70468932039317,96.0075012500449,96.90932792765774,135.25792875299365,106.09593994111789
Mouserbirn_neuronal,gaussian,0.03,topological_denoising,2808,4542,3181,2571,224,243,373,-1971,-1598,2584,4299,6883,-0.21741496598639454,-3.307259073842303,2025-10-28T07:24:57.500990,14.838447999719623,81.94939681303508,112.36711986862653,98.47427489901862,163.68707261374354,115.30035043234668
Mouserbirn_neuronal,gaussian,0.03,morphological_denoising,2808,4542,3193,2579,42,133,385,-1963,-1578,2766,4409,7175,-0.21469387755102043,-3.5468948035487964,2025-10-28T07:24:59.757779,15.25813654586896,80.60915649987365,111.34147424625293,97.62570964931544,128.90897575221643,99.05866653703355
Mouserbirn_neuronal,gaussian,0.05,median_filter,2808,4542,4386,2371,1138,526,1578,-2171,-593,1670,4016,5686,-0.08068027210884354,-8.588532883642495,2025-10-28T07:25:02.152342,73.16315656135458,45.39562840996024,130.17604966514529,119.81871355541116,138.30839001529927,94.31790109055207
Mouserbirn_neuronal,gaussian,0.05,bilateral_filter,2808,4542,4412,2273,456,681,1604,-2269,-665,2352,3861,6213,-0.09047619047619049,-8.342857142857143,2025-10-28T07:25:04.470576,73.88474695636081,67.01093166563943,162.60018724223252,126.62267582298294,121.52268798229635,77.71728477036726
Mouserbirn_neuronal,gaussian,0.05,non_local_means,2808,4542,4471,2290,9,5,1663,-2252,-589,2799,4537,7336,-0.08013605442176874,-11.455008488964346,2025-10-28T07:25:07.495528,76.94996292168759,68.70468932039317,166.66282523974473,125.48635763377156,141.21446297424959,110.61184183654566
Mouserbirn_neuronal,gaussian,0.05,topological_denoising,2808,4542,4518,2283,855,487,1710,-2259,-549,1953,4055,6008,-0.07469387755102042,-9.943533697632057,2025-10-28T07:25:10.088038,78.52908462361995,52.711771241549926,144.43236080117538,126.26991451257223,153.61558375009994,99.25263786437083
Mouserbirn_neuronal,gaussian,0.05,morphological_denoising,2808,4542,4424,2299,50,78,1616,-2243,-627,2758,4464,7222,-0.08530612244897962,-10.518341307814993,2025-10-28T07:25:12.522466,74.33919516390105,80.33908905414317,182.25464586461277,124.56192013291458,130.46624107483672,102.8138227412277
Mouserbirn_neuronal,gaussian,0.08,median_filter,2808,4542,5653,2035,2263,842,2845,-2507,338,545,3700,4245,0.04598639455782316,-11.559171597633137,2025-10-28T07:25:14.961302,165.46738584910935,14.684922200334267,174.82949365736624,160.34554648836718,118.56683954244288,68.65805439039755
Mouserbirn_neuronal,gaussian,0.08,bilateral_filter,2808,4542,5611,1987,920,1133,2803,-2555,248,1888,3409,5297,0.033741496598639564,-20.358870967741936,2025-10-28T07:25:17.400510,162.84163128187652,53.14868291211133,247.53861666317493,163.4884913332799,103.82287555964352,47.87650971240177
Mouserbirn_neuronal,gaussian,0.08,non_local_means,2808,4542,5594,2034,10,5,2786,-2508,278,2798,4537,7335,0.037823129251700616,-25.384892086330936,2025-10-28T07:25:20.338716,161.92753535681115,70.23447985448894,277.65692697592266,160.95812220657353,141.22229258972334,115.38921159258956
Mouserbirn_neuronal,gaussian,0.08,topological_denoising,2808,4542,5554,2000,1532,573,2746,-2542,204,1276,3969,5245,0.027755102040816437,-24.71078431372549,2025-10-28T07:25:23.114427,159.84214645255497,34.37485176048512,207.74751224033815,162.71289520883965,143.72523088409636,88.10601624747945
Mouserbirn_neuronal,gaussian,0.08,morphological_denoising,2808,4542,5560,2021,31,37,2752,-2521,231,2777,4505,7282,0.03142857142857136,-30.523809523809526,2025-10-28T07:25:25.476157,159.84188387002342,78.71542081932634,292.7001035217178,160.96630999647118,132.98086892417962,108.9766828727977
Mouserbirn_neuronal,gaussian,0.1,median_filter,2808,4542,8521,2566,2468,797,5713,-1976,3737,340,3745,4085,0.5084353741496599,-0.09312282579609321,2025-10-28T07:25:28.048867,352.4656676414884,9.731066547785847,343.26861684501534,126.88886593688318,124.68071633862515,104.34232015233525
Mouserbirn_neuronal,gaussian,0.1,bilateral_filter,2808,4542,8416,2605,1603,1798,5608,-1937,3671,1205,2744,3949,0.4994557823129251,-0.07572868428221202,2025-10-28T07:25:30.522247,345.5309362428845,33.94527443264462,383.4042268841186,124.15075095621,82.86103609250844,45.13609841602927
Mouserbirn_neuronal,gaussian,0.1,non_local_means,2808,4542,8479,2612,8,6,5671,-1930,3741,2800,4536,7336,0.5089795918367348,-0.9609730018711575,2025-10-28T07:25:33.381082,347.8455180229343,68.28794336943258,442.34932373497526,124.499187107244,134.52067389497668,145.1511109373083
Mouserbirn_neuronal,gaussian,0.1,topological_denoising,2808,4542,8450,2486,1987,629,5642,-2056,3586,821,3913,4734,0.48789115646258496,-0.3201338538761851,2025-10-28T07:25:36.146998,348.48285811074453,22.772804221708586,361.8587332636999,132.9013209482149,140.18082002363326,115.06284052940102
Mouserbirn_neuronal,gaussian,0.1,morphological_denoising,2808,4542,8532,2674,29,24,5724,-1868,3856,2779,4518,7297,0.524625850340136,-0.8923755186721991,2025-10-28T07:25:38.481990,353.13443613392394,80.46228698530511,485.97037439756974,119.71024058343144,144.00599035882001,152.2949079119349
Mouserbirn_neuronal,salt_pepper,0.01,median_filter,2808,4542,3915,4912,397,359,1107,370,1477,2411,4183,6594,0.200952380952381,-3.4644549763033172,2025-10-28T07:25:40.543998,113.24079074591114,78.66777059597906,355.6900655361818,15.092624680712449,158.10810803825956,176.72591885280508
Mouserbirn_neuronal,salt_pepper,0.01,bilateral_filter,2808,4542,3911,4899,1517,507,1103,357,1460,1291,4035,5326,0.198639455782313,-2.647945205479452,2025-10-28T07:25:43.049446,114.0405104523117,227.0418824643629,586.1288297968842,14.523228203179091,137.04005842597263,152.20426643713319
Mouserbirn_neuronal,salt_pepper,0.01,non_local_means,2808,4542,3916,4921,9,7,1108,379,1487,2799,4535,7334,0.20231292517006794,-3.932078009414929,2025-10-28T07:25:45.937068,114.21300145163355,69.3907186316627,367.3041613525367,15.389469797873122,134.80870029178072,150.26669233749126
Mouserbirn_neuronal,salt_pepper,0.01,topological_denoising,2808,4542,3925,4948,211,239,1117,406,1523,2597,4303,6900,0.20721088435374146,-3.5305318450426793,2025-10-28T07:25:48.297701,115.55067952821719,84.64900021257866,379.62590177930264,16.44176997504215,164.1249949081547,183.5612091802934
Mouserbirn_neuronal,salt_pepper,0.01,morphological_denoising,2808,4542,3919,4916,43,241,1111,374,1485,2765,4301,7066,0.2020408163265306,-3.758249158249158,2025-10-28T07:25:50.301994,115.22150308759862,80.22353683432513,383.22811200635175,15.21733767394751,136.58623706372035,151.77466533494464
Mouserbirn_neuronal,salt_pepper,0.03,median_filter,2808,4542,5980,5592,407,368,3172,1050,4222,2401,4174,6575,0.5744217687074831,-0.5573188062529606,2025-10-28T07:25:52.689121,516.3401949025855,79.46172517598616,904.8450852171849,43.57613183803908,156.69399110393235,209.5833371877128
Mouserbirn_neuronal,salt_pepper,0.03,bilateral_filter,2808,4542,5995,5601,3809,680,3187,1059,4246,1001,3862,2861,0.5776870748299319,0.326189354686764,2025-10-28T07:25:54.676822,514.1938824149797,201.31515664256227,717.5368855117592,43.46346491618531,145.85217445045708,195.39919135321927
Mouserbirn_neuronal,salt_pepper,0.03,non_local_means,2808,4542,6058,5577,9,7,3250,1035,4285,2799,4535,7334,0.5829931972789115,-0.7115519253208868,2025-10-28T07:25:57.992101,525.5608974486124,69.39463498651263,925.0857794143366,42.878480051573646,133.53447067585398,177.8614038349346
Mouserbirn_neuronal,salt_pepper,0.03,topological_denoising,2808,4542,6026,5597,352,412,3218,1055,4273,2456,4130,6586,0.581360544217687,-0.5413058740931429,2025-10-28T07:26:00.240020,521.4629413318804,74.94090859757155,902.2912462588994,42.79241602509335,164.2012074786164,214.67887685357096
Mouserbirn_neuronal,salt_pepper,0.03,morphological_denoising,2808,4542,5968,5609,54,220,3160,1067,4227,2754,4322,7076,0.5751020408163265,-0.6740004731488054,2025-10-28T07:26:02.421259,512.4180783318697,81.24683561603166,935.0183262861019,44.332272870661996,145.8767279860975,195.01707250800257
Mouserbirn_neuronal,salt_pepper,0.05,median_filter,2808,4542,6839,3400,434,372,4031,-1142,2889,2374,4170,6544,0.39306122448979597,-1.2651436483212186,2025-10-28T07:26:04.435092,858.9837339248458,77.72085826589564,1360.0282493462912,61.82423375042036,157.61343155315186,160.93841976737332
Mouserbirn_neuronal,salt_pepper,0.05,bilateral_filter,2808,4542,6832,3368,5883,848,4024,-1174,2850,3075,3694,619,0.3877551020408163,0.7828070175438596,2025-10-28T07:26:06.547752,854.8446639296366,646.5018216481842,369.0920056389592,63.813636637814874,143.19163101963707,136.2817066815339
Mouserbirn_neuronal,salt_pepper,0.05,non_local_means,2808,4542,6853,3382,17,7,4045,-1160,2885,2791,4535,7326,0.39251700680272106,-1.5393414211438476,2025-10-28T07:26:09.370844,859.234753456085,67.30820612652651,1387.6032551113913,63.26741008418827,135.44384466172355,153.98815173486116
Mouserbirn_neuronal,salt_pepper,0.05,topological_denoising,2808,4542,6806,3407,369,408,3998,-1135,2863,2439,4134,6573,0.3895238095238096,-1.295843520782396,2025-10-28T07:26:11.837795,851.4286339687808,73.64617414820083,1349.5525492783124,61.25339036592663,165.2547354031398,165.39751240454413
Mouserbirn_neuronal,salt_pepper,0.05,morphological_denoising,2808,4542,6897,3568,54,71,4089,-974,3115,2754,4471,7225,0.42380952380952386,-1.3194221508828252,2025-10-28T07:26:14.128583,860.5529261327649,87.19537314792038,1427.523198031158,51.57203596763336,140.46289256231063,158.22555006884147
Mouserbirn_neuronal,salt_pepper,0.08,median_filter,2808,4542,9060,3337,459,392,6252,-1205,5047,2349,4150,6499,0.6866666666666668,-0.2876956607885872,2025-10-28T07:26:16.194040,1444.83062268724,77.86387662885704,1984.9896939624916,73.37246517669298,154.90102364784775,175.09585496563585
Mouserbirn_neuronal,salt_pepper,0.08,bilateral_filter,2808,4542,9105,3202,8476,510,6297,-1340,4957,5668,4032,1636,0.6744217687074829,0.6699616703651402,2025-10-28T07:26:18.533041,1463.1710676049554,1255.2558610315173,264.3147445120293,81.94041225544466,228.87878158685257,212.43091399974264
Mouserbirn_neuronal,salt_pepper,0.08,non_local_means,2808,4542,9095,3361,28,10,6287,-1181,5106,2780,4532,7312,0.6946938775510203,-0.43204073638856255,2025-10-28T07:26:21.431896,1451.9930219425632,66.65934385520255,2007.4363204792023,71.15561661039735,126.84911344265791,165.7686958608112
Mouserbirn_neuronal,salt_pepper,0.08,topological_denoising,2808,4542,9095,3385,372,421,6287,-1157,5130,2436,4121,6557,0.6979591836734693,-0.27816764132553606,2025-10-28T07:26:24.123762,1454.3266163938415,77.20383927080933,2002.3516188513852,70.46433294003401,163.50038095918455,183.16721286363688
Mouserbirn_neuronal,salt_pepper,0.08,morphological_denoising,2808,4542,9109,3308,59,19,6301,-1234,5067,2749,4523,7272,0.6893877551020409,-0.4351687388987566,2025-10-28T07:26:26.376811,1449.491774466159,106.6802022414679,2128.311676221443,74.06570264568327,127.72222669486531,162.84225278509967
Mouserbirn_neuronal,salt_pepper,0.1,median_filter,2808,4542,10324,2777,497,398,7516,-1765,5751,2311,4144,6455,0.7824489795918368,-0.1224134933055121,2025-10-28T07:26:28.586898,1804.8177646000486,74.75787361343046,2348.897871265789,120.28463506258073,155.08662340940302,159.41321945439833
Mouserbirn_neuronal,salt_pepper,0.1,bilateral_filter,2808,4542,10302,2726,9964,459,7494,-1816,5678,7156,4083,3073,0.7725170068027212,0.45878830574145824,2025-10-28T07:26:30.795817,1802.0563887801034,1609.7965154529622,145.9678056843349,124.73291498346158,275.11663514735227,220.24842991263017
Mouserbirn_neuronal,salt_pepper,0.1,non_local_means,2808,4542,10261,2917,37,13,7453,-1625,5828,2771,4529,7300,0.7929251700680273,-0.25257378174330825,2025-10-28T07:26:33.627634,1785.5077462114011,68.42393167021035,2359.063438149084,110.873095143378,126.28724419544744,166.98065353034497
Mouserbirn_neuronal,salt_pepper,0.1,topological_denoising,2808,4542,10346,2863,390,413,7538,-1679,5859,2418,4129,6547,0.7971428571428572,-0.11742618194231103,2025-10-28T07:26:36.108951,1802.6359459393884,77.56724759527182,2367.137124833915,116.19968533208124,163.74919603048787,172.1542179804189
Mouserbirn_neuronal,salt_pepper,0.1,morphological_denoising,2808,4542,10319,2910,43,2,7511,-1632,5879,2765,4540,7305,0.7998639455782313,-0.24255825820717813,2025-10-28T07:26:38.276711,1797.285798706,80.05915775915557,2412.181070243932,109.33531209831138,114.65264165205926,155.98946416715987
ccdb3_512,gaussian,0.01,median_filter,6283,2973,5842,2400,2658,1038,-441,-573,-1014,3625,1935,5560,-0.1095505617977528,-4.483234714003944,2025-10-28T07:35:35.746981,20.916345313106778,168.5618296473723,154.5460317951339,14.839335318196577,45.73355903578242,34.70758766831733
ccdb3_512,gaussian,0.01,bilateral_filter,6283,2973,5821,2394,1755,658,-462,-579,-1041,4528,2315,6843,-0.11246758859118411,-5.573487031700288,2025-10-28T07:35:37.660375,21.962338957528054,210.70271460543626,197.9036901339068,14.997011964996371,53.210117751226576,43.118522291665826
ccdb3_512,gaussian,0.01,non_local_means,6283,2973,5850,2404,465,93,-433,-569,-1002,5818,2880,8698,-0.10825410544511671,-7.680638722554891,2025-10-28T07:35:40.642457,20.539686322567697,282.9993560213633,272.8978048708749,14.744228818714197,55.97982742521882,49.215264127062945
ccdb3_512,gaussian,0.01,topological_denoising,6283,2973,5889,2386,1315,497,-394,-587,-981,4968,2476,7444,-0.10598530682800344,-6.588175331294598,2025-10-28T07:35:43.557396,18.655722178082893,239.95620387434403,229.91376828965193,15.179487514713529,57.22325506179938,47.03410273599537
ccdb3_512,gaussian,0.01,morphological_denoising,6283,2973,5817,2420,1014,112,-466,-553,-1019,5269,2861,8130,-0.11009075194468454,-6.978410206084397,2025-10-28T07:35:45.689171,22.141974149374914,226.55808358291756,216.76151449370974,14.286282356630023,58.06155410800549,50.95940571782018
ccdb3_512,gaussian,0.03,median_filter,6283,2973,5535,1508,2759,1103,-748,-1465,-2213,3524,1870,5394,-0.23908815903197922,-1.4374152733845458,2025-10-28T07:35:47.781642,40.13309148094408,161.20983865478172,149.8732362225532,46.64967195902362,43.68074361934612,12.662383419557345
ccdb3_512,gaussian,0.03,bilateral_filter,6283,2973,5118,1241,1810,632,-1165,-1732,-2897,4473,2341,6814,-0.3129861711322386,-1.352088367276493,2025-10-28T07:35:49.697192,64.20748815703763,206.25820268164324,184.68799593712876,56.55535912886035,53.39499288792691,19.205643458922506
ccdb3_512,gaussian,0.03,non_local_means,6283,2973,5515,1417,455,84,-768,-1556,-2324,5828,2889,8717,-0.2510803802938635,-2.7508605851979344,2025-10-28T07:35:52.414497,41.25431032941116,284.2200300914673,288.86428176727884,49.65154608482336,56.37511264919618,36.55725743024016
ccdb3_512,gaussian,0.03,topological_denoising,6283,2973,5068,1309,2217,848,-1215,-1664,-2879,4066,2125,6191,-0.31104148660328435,-1.1503994442514762,2025-10-28T07:35:54.642464,66.9846652124924,188.02156040039128,159.59829509758515,54.542074012467445,49.69732586341723,14.868164687907198
ccdb3_512,gaussian,0.03,morphological_denoising,6283,2973,5091,1307,1003,33,-1192,-1666,-2858,5280,2940,8220,-0.3087726879861711,-1.8761371588523441,2025-10-28T07:35:56.836857,65.79011778078593,227.865062038791,216.45492628332485,54.341997114481195,56.47247425915068,35.463460921057575
ccdb3_512,gaussian,0.05,median_filter,6283,2973,5548,904,3426,1295,-735,-2069,-2804,2857,1678,4535,-0.30293863439930857,-0.6173323823109844,2025-10-28T07:35:59.032731,44.806555187151595,121.88336018444427,123.45344553663926,78.8699845982554,38.8145263007739,14.590816260567943
ccdb3_512,gaussian,0.05,bilateral_filter,6283,2973,5132,780,1929,660,-1151,-2193,-3344,4354,2313,6667,-0.3612791702679343,-0.99372009569378,2025-10-28T07:36:01.067929,71.74678809982662,198.14664465669003,199.9189375355734,86.60511794776386,50.8308682636587,4.611819278110158
ccdb3_512,gaussian,0.05,non_local_means,6283,2973,5547,955,447,65,-736,-2018,-2754,5836,2908,8744,-0.2975367329299914,-2.1750181554103123,2025-10-28T07:36:04.122613,44.78046369832117,284.6666514692256,327.1186783085146,77.44629339906047,55.787548425744525,29.933124679857524
ccdb3_512,gaussian,0.05,topological_denoising,6283,2973,5573,968,3334,1250,-710,-2005,-2715,2949,1723,4672,-0.293323249783924,-0.7208103130755064,2025-10-28T07:36:06.763540,43.21312429501616,129.29944498662655,132.66437149268074,76.51011286908935,39.61009938370622,10.542285372858649
ccdb3_512,gaussian,0.05,morphological_denoising,6283,2973,5585,907,874,10,-698,-2066,-2764,5409,2963,8372,-0.29861711322385476,-2.028943560057887,2025-10-28T07:36:09.064405,42.477724413284,237.45883643091102,279.32752182457074,79.30708931213098,53.24735542122379,29.10710206951498
ccdb3_512,gaussian,0.08,median_filter,6283,2973,6016,542,4724,1875,-267,-2431,-2698,1559,1098,2657,-0.29148660328435605,0.01519644180874724,2025-10-28T07:36:11.154648,19.286183791705223,62.795237019306256,86.11097638276881,116.68349631470892,24.851431903854557,62.10200340812903
ccdb3_512,gaussian,0.08,bilateral_filter,6283,2973,5880,556,2732,937,-403,-2417,-2820,3551,2036,5587,-0.3046672428694901,-0.9812056737588652,2025-10-28T07:36:13.502112,28.979548931519567,149.15687721778065,214.74461408592543,115.56612278285198,42.54887725019926,17.16229226597972
ccdb3_512,gaussian,0.08,non_local_means,6283,2973,6029,562,438,59,-254,-2411,-2665,5845,2914,8759,-0.2879213483146067,-2.2866791744840524,2025-10-28T07:36:16.195519,18.28475345921112,284.8743813368363,418.5632519870027,114.94235581764052,55.83251799263857,21.7207278658849
ccdb3_512,gaussian,0.08,topological_denoising,6283,2973,5960,543,4119,1753,-323,-2430,-2753,2164,1220,3384,-0.297428694900605,-0.22920450417726124,2025-10-28T07:36:18.756381,23.24024909013438,90.90310252637313,125.6089961746898,115.52885867164714,27.10485845834211,55.32382998451336
ccdb3_512,gaussian,0.08,morphological_denoising,6283,2973,6052,536,479,0,-231,-2437,-2668,5804,2973,8777,-0.28824546240276583,-2.2897301349325336,2025-10-28T07:36:20.880325,16.5623372806864,293.76940866447427,426.24094608160794,115.96827937016239,71.52352517843246,38.09019389748573
ccdb3_512,gaussian,0.1,median_filter,6283,2973,7965,942,4761,1940,1682,-2031,-349,1522,1033,2555,-0.03770527225583409,-6.320916905444126,2025-10-28T07:36:23.674653,124.07734097794777,63.18772574193184,223.7362354152818,98.56333085172436,23.92444002580987,47.576014062103425
ccdb3_512,gaussian,0.1,bilateral_filter,6283,2973,8025,965,4132,1419,1742,-2008,-266,2151,1554,3705,-0.02873811581676755,-12.928571428571429,2025-10-28T07:36:26.050504,128.21966093294267,84.62875048759977,262.7979851662935,97.2666186937243,31.747472644052767,20.492410692470834
ccdb3_512,gaussian,0.1,non_local_means,6283,2973,8043,960,393,46,1760,-2013,-253,5890,2927,8817,-0.027333621434745048,-33.8498023715415,2025-10-28T07:36:29.177763,129.13772547441553,295.924028808509,597.8260425600265,97.68106589584352,57.50334051460539,40.46481990171192
ccdb3_512,gaussian,0.1,topological_denoising,6283,2973,8011,1008,4646,2152,1728,-1965,-237,1637,821,2458,-0.025605012964563523,-9.371308016877638,2025-10-28T07:36:31.570985,126.73184788670937,68.10973886064055,233.83630368377112,95.4552176948039,18.15879676718297,53.37585232398897
ccdb3_512,gaussian,0.1,morphological_denoising,6283,2973,8122,946,401,0,1839,-2027,-188,5882,2973,8855,-0.020311149524632643,-46.101063829787236,2025-10-28T07:36:34.079440,135.09629135160532,317.1108314425908,632.4268614379522,98.24253414523223,71.52352517843246,68.88234904408455
ccdb3_512,salt_pepper,0.01,median_filter,6283,2973,6542,2704,2658,1019,259,-269,-10,3625,1954,5579,-0.001080380293863481,-556.9,2025-10-28T07:36:36.637316,21.37823660926654,169.18112440927703,319.748417418041,6.893292806931542,46.7202985305736,42.93746621232771
ccdb3_512,salt_pepper,0.01,bilateral_filter,6283,2973,6523,2707,2654,700,240,-266,-26,3629,2273,5902,-0.002808988764044895,-226.0,2025-10-28T07:36:38.533878,19.895444199679392,405.6089988347579,570.4759993016538,7.033686664188435,52.60348824366756,50.0122151095541
ccdb3_512,salt_pepper,0.01,non_local_means,6283,2973,6471,2681,455,92,188,-292,-104,5828,2881,8709,-0.011235955056179803,-82.74038461538461,2025-10-28T07:36:41.496812,15.639637366336666,285.1387562487167,508.8176914708862,7.529981695058091,56.13753490681607,54.601905867812555
ccdb3_512,salt_pepper,0.01,topological_denoising,6283,2973,6505,2709,1309,510,222,-264,-42,4974,2463,7437,-0.00453759723422642,-176.07142857142858,2025-10-28T07:36:44.357846,18.424126901634335,241.38587422516838,438.210721590935,6.7979375413716,56.94024383764759,54.338448391036955
ccdb3_512,salt_pepper,0.01,morphological_denoising,6283,2973,6470,2716,1021,140,187,-257,-70,5262,2833,8095,-0.007562662057044034,-114.64285714285714,2025-10-28T07:36:46.838276,15.601400919333818,230.4482965071224,434.1811730847336,6.778004280058824,58.94651802355016,58.088518962294785
ccdb3_512,salt_pepper,0.03,median_filter,6283,2973,6608,1897,2681,1044,325,-1076,-751,3602,1929,5531,-0.08113656006914438,-6.364846870838882,2025-10-28T07:36:48.827746,47.60463445581201,167.54157480972393,575.0286995035584,32.51285042327863,45.94179558256182,25.612378943773344
ccdb3_512,salt_pepper,0.03,bilateral_filter,6283,2973,6581,1901,4385,776,298,-1072,-774,1898,2197,4095,-0.08362143474503025,-4.290697674418604,2025-10-28T07:36:50.756673,43.81432291202776,306.0012167628378,573.7474728535576,32.30028454024252,51.16879981832212,33.06749823413264
ccdb3_512,salt_pepper,0.03,non_local_means,6283,2973,6622,1916,495,116,339,-1057,-718,5788,2857,8645,-0.07757130509939503,-11.040389972144848,2025-10-28T07:36:54.206494,49.66074966431212,271.3270417992076,899.5923753281182,31.650300723007692,55.97764728272911,45.89379646586133
ccdb3_512,salt_pepper,0.03,topological_denoising,6283,2973,6584,1896,1325,506,301,-1077,-776,4958,2467,7425,-0.08383751080380297,-8.568298969072165,2025-10-28T07:36:56.559557,44.27327458442901,239.13456787007894,781.6426975182103,32.811174503092225,57.05685072666537,41.07801935374154
ccdb3_512,salt_pepper,0.03,morphological_denoising,6283,2973,6634,1873,1100,56,351,-1100,-749,5183,2917,8100,-0.08092048401037166,-9.814419225634179,2025-10-28T07:36:58.704566,51.44959766284959,239.1690889722774,809.2357277836778,33.52960666728466,61.812182670554385,49.98911795678742
ccdb3_512,salt_pepper,0.05,median_filter,6283,2973,7388,1519,2680,1029,1105,-1454,-349,3603,1944,5547,-0.03770527225583409,-14.893982808022923,2025-10-28T07:37:00.649553,204.68482607622505,168.08689276255734,876.7281538279412,48.80012546926243,46.31141986656225,16.460048503452732
ccdb3_512,salt_pepper,0.05,bilateral_filter,6283,2973,7243,1404,6013,844,960,-1569,-609,270,2129,2399,-0.06579515989628348,-2.9392446633825946,2025-10-28T07:37:02.599472,180.11749628297417,49.833548033372374,399.6646971339497,54.192542220236845,49.55918071918662,19.049512854841524
ccdb3_512,salt_pepper,0.05,non_local_means,6283,2973,7404,1553,525,225,1121,-1420,-299,5758,2748,8506,-0.032303370786516905,-27.448160535117058,2025-10-28T07:37:05.315098,207.0442978639134,265.6523602678802,1273.5919043228696,49.077433508045175,52.92131001111598,39.64108638067055
ccdb3_512,salt_pepper,0.05,topological_denoising,6283,2973,7363,1589,1334,503,1080,-1384,-304,4949,2470,7419,-0.032843560933448535,-23.404605263157894,2025-10-28T07:37:07.665042,199.16962175108455,238.225520227044,1126.565783516889,46.669524715166794,57.467166303776786,35.83706739937278
ccdb3_512,salt_pepper,0.05,morphological_denoising,6283,2973,7248,1372,1131,29,965,-1601,-636,5152,2944,8096,-0.0687121866897148,-11.729559748427674,2025-10-28T07:37:09.702088,181.76308766988797,236.78778192856677,1153.5080237993852,55.65494806791731,60.24456754369372,41.96172705777622
ccdb3_512,salt_pepper,0.08,median_filter,6283,2973,8532,992,2700,1029,2249,-1981,268,3583,1944,5527,0.02895419187554027,-19.62313432835821,2025-10-28T07:37:11.598862,497.33598769911157,167.6746240984793,1297.2912139786135,81.90123439672932,46.38714157930721,2.3575213300051945
ccdb3_512,salt_pepper,0.08,bilateral_filter,6283,2973,8575,950,7831,566,2292,-2023,269,1548,2407,859,0.029062229904926573,-2.193308550185874,2025-10-28T07:37:14.009433,506.6707350662561,324.9941440677286,286.5937280980086,81.2766176480043,64.90694400804827,16.68213464510802
ccdb3_512,salt_pepper,0.08,non_local_means,6283,2973,8533,966,538,284,2250,-2007,243,5745,2689,8434,0.026253241140881567,-33.70781893004115,2025-10-28T07:37:16.873275,496.2059956123388,255.6189300170152,1755.0458929081442,81.82769550341433,51.660792541279285,24.7640502060457
ccdb3_512,salt_pepper,0.08,topological_denoising,6283,2973,8564,951,1675,660,2281,-2022,259,4608,2313,6921,0.027981849611063092,-25.72200772200772,2025-10-28T07:37:19.322956,502.79341663812346,219.7883833738779,1533.6657770691215,82.57371441781684,54.29026199685669,12.386399319557704
ccdb3_512,salt_pepper,0.08,morphological_denoising,6283,2973,8536,953,778,1,2253,-2020,233,5505,2972,8477,0.025172860847018086,-35.38197424892704,2025-10-28T07:37:21.527788,497.4643854493825,255.09627000606147,1719.4132881512107,82.26008521743391,53.408556218925966,33.18020926930347
ccdb3_512,salt_pepper,0.1,median_filter,6283,2973,9392,666,2718,1060,3109,-2307,802,3565,1913,5478,0.08664649956784798,-5.830423940149626,2025-10-28T07:37:23.996149,723.7484229008153,166.48668625332587,1562.01035747157,105.28203786692498,45.73120729897863,18.614539394724524
ccdb3_512,salt_pepper,0.1,bilateral_filter,6283,2973,9463,674,8991,303,3180,-2299,881,2708,2670,38,0.09518150388936908,0.956867196367764,2025-10-28T07:37:26.026159,741.4080804537392,591.4359664697486,191.59755998285553,104.73319075525806,84.82546430682491,19.843822370698433
ccdb3_512,salt_pepper,0.1,non_local_means,6283,2973,9356,640,570,334,3073,-2333,740,5713,2639,8352,0.07994814174589449,-10.286486486486487,2025-10-28T07:37:28.861770,712.0087098823881,251.9702865684896,2023.723829090493,107.91296991287868,51.32452450012998,13.560026485410457
ccdb3_512,salt_pepper,0.1,topological_denoising,6283,2973,9468,567,1706,669,3185,-2406,779,4577,2304,6881,0.08416162489196188,-7.833119383825418,2025-10-28T07:37:31.285396,742.6580329141441,216.51014297054653,1824.2591729883945,111.70981121803203,54.0125190768155,5.104858251550737
ccdb3_512,salt_pepper,0.1,morphological_denoising,6283,2973,9433,656,561,0,3150,-2317,833,5722,2973,8695,0.0899956784788245,-9.438175270108044,2025-10-28T07:37:33.260822,734.2919002448061,255.10579807824945,2060.233977894221,105.28134826179001,71.52352517843246,43.7470563352108
